[{"model": "admin.logentry", "pk": 1, "fields": {"action_time": "2023-11-13T20:59:58.484Z", "user": 1, "content_type": 8, "object_id": "1", "object_repr": "hakkimizda | Ana Sayfa", "action_flag": 1, "change_message": "[{\"added\": {}}]"}}, {"model": "admin.logentry", "pk": 2, "fields": {"action_time": "2023-11-13T21:00:47.774Z", "user": 1, "content_type": 8, "object_id": "2", "object_repr": "frcnedir | First", "action_flag": 1, "change_message": "[{\"added\": {}}]"}}, {"model": "admin.logentry", "pk": 3, "fields": {"action_time": "2023-11-13T21:01:12.719Z", "user": 1, "content_type": 8, "object_id": "3", "object_repr": "frcnedir | FRC Nedir?", "action_flag": 1, "change_message": "[{\"added\": {}}]"}}, {"model": "admin.logentry", "pk": 4, "fields": {"action_time": "2023-11-13T21:01:28.009Z", "user": 1, "content_type": 8, "object_id": "4", "object_repr": "sponsorlarimiz | Sponsorlarımız", "action_flag": 1, "change_message": "[{\"added\": {}}]"}}, {"model": "admin.logentry", "pk": 5, "fields": {"action_time": "2023-11-13T21:01:41.354Z", "user": 1, "content_type": 8, "object_id": "5", "object_repr": "projelerimiz | Projelerimiz", "action_flag": 1, "change_message": "[{\"added\": {}}]"}}, {"model": "admin.logentry", "pk": 6, "fields": {"action_time": "2023-11-13T21:01:51.458Z", "user": 1, "content_type": 8, "object_id": "6", "object_repr": "takim | Takım", "action_flag": 1, "change_message": "[{\"added\": {}}]"}}, {"model": "admin.logentry", "pk": 7, "fields": {"action_time": "2023-11-13T21:02:04.223Z", "user": 1, "content_type": 8, "object_id": "7", "object_repr": "iletisim | İletişim", "action_flag": 1, "change_message": "[{\"added\": {}}]"}}, {"model": "admin.logentry", "pk": 8, "fields": {"action_time": "2023-11-13T21:02:48.152Z", "user": 1, "content_type": 8, "object_id": "8", "object_repr": "https://academy.lf8056.com.tr | Akademi", "action_flag": 1, "change_message": "[{\"added\": {}}]"}}, {"model": "admin.logentry", "pk": 9, "fields": {"action_time": "2023-11-13T21:04:14.016Z", "user": 1, "content_type": 11, "object_id": "1", "object_repr": "First", "action_flag": 1, "change_message": "[{\"added\": {}}]"}}, {"model": "admin.logentry", "pk": 10, "fields": {"action_time": "2023-11-13T21:13:41.019Z", "user": 1, "content_type": 11, "object_id": "1", "object_repr": "First", "action_flag": 2, "change_message": "[{\"changed\": {\"fields\": [\"Content\"]}}]"}}, {"model": "admin.logentry", "pk": 11, "fields": {"action_time": "2023-11-13T21:14:32.074Z", "user": 1, "content_type": 11, "object_id": "1", "object_repr": "First", "action_flag": 2, "change_message": "[{\"changed\": {\"fields\": [\"Content\"]}}]"}}, {"model": "admin.logentry", "pk": 12, "fields": {"action_time": "2023-11-13T21:14:57.680Z", "user": 1, "content_type": 11, "object_id": "1", "object_repr": "First", "action_flag": 2, "change_message": "[{\"changed\": {\"fields\": [\"Content\"]}}]"}}, {"model": "admin.logentry", "pk": 13, "fields": {"action_time": "2023-11-13T21:15:11.678Z", "user": 1, "content_type": 11, "object_id": "1", "object_repr": "First", "action_flag": 2, "change_message": "[{\"changed\": {\"fields\": [\"Content\"]}}]"}}, {"model": "admin.logentry", "pk": 14, "fields": {"action_time": "2023-11-13T21:15:50.002Z", "user": 1, "content_type": 11, "object_id": "1", "object_repr": "First", "action_flag": 2, "change_message": "[{\"changed\": {\"fields\": [\"Content\"]}}]"}}, {"model": "admin.logentry", "pk": 15, "fields": {"action_time": "2023-11-13T21:16:56.182Z", "user": 1, "content_type": 8, "object_id": "2", "object_repr": "first | First", "action_flag": 2, "change_message": "[{\"changed\": {\"fields\": [\"Href\"]}}]"}}, {"model": "admin.logentry", "pk": 16, "fields": {"action_time": "2023-11-13T21:22:01.687Z", "user": 1, "content_type": 11, "object_id": "2", "object_repr": "FRC Nedir?", "action_flag": 1, "change_message": "[{\"added\": {}}]"}}, {"model": "admin.logentry", "pk": 17, "fields": {"action_time": "2023-11-14T09:28:37.513Z", "user": 1, "content_type": 12, "object_id": "1", "object_repr": "Devlet Okulu FLL Takımına Destek", "action_flag": 1, "change_message": "[{\"added\": {}}]"}}, {"model": "admin.logentry", "pk": 18, "fields": {"action_time": "2023-11-17T18:31:32.322Z", "user": 1, "content_type": 12, "object_id": "2", "object_repr": "FIRST Programları Gönüllüğü", "action_flag": 1, "change_message": "[{\"added\": {}}]"}}, {"model": "admin.logentry", "pk": 19, "fields": {"action_time": "2023-11-17T18:40:21.309Z", "user": 1, "content_type": 12, "object_id": "1", "object_repr": "Devlet Okulu FLL Takımına Destek", "action_flag": 2, "change_message": "[]"}}, {"model": "admin.logentry", "pk": 20, "fields": {"action_time": "2023-11-17T18:41:20.303Z", "user": 1, "content_type": 12, "object_id": "1", "object_repr": "Devlet Okulu FLL Takımına Destek", "action_flag": 3, "change_message": ""}}, {"model": "admin.logentry", "pk": 21, "fields": {"action_time": "2023-11-17T18:41:33.960Z", "user": 1, "content_type": 12, "object_id": "3", "object_repr": "Devlet Okulu FLL Takımına Destek", "action_flag": 1, "change_message": "[{\"added\": {}}]"}}, {"model": "admin.logentry", "pk": 22, "fields": {"action_time": "2023-11-17T19:32:35.531Z", "user": 1, "content_type": 13, "object_id": "1", "object_repr": "AERO RÜZGAR ENERJİ", "action_flag": 1, "change_message": "[{\"added\": {}}]"}}, {"model": "admin.logentry", "pk": 23, "fields": {"action_time": "2023-11-17T19:34:00.959Z", "user": 1, "content_type": 13, "object_id": "2", "object_repr": "BOEING", "action_flag": 1, "change_message": "[{\"added\": {}}]"}}, {"model": "admin.logentry", "pk": 24, "fields": {"action_time": "2023-11-17T19:35:21.528Z", "user": 1, "content_type": 13, "object_id": "3", "object_repr": "Hugo BOSS", "action_flag": 1, "change_message": "[{\"added\": {}}]"}}, {"model": "admin.logentry", "pk": 25, "fields": {"action_time": "2023-11-17T20:37:00.667Z", "user": 1, "content_type": 14, "object_id": "1", "object_repr": "Deprem Sonrası Destek", "action_flag": 1, "change_message": "[{\"added\": {}}]"}}, {"model": "admin.logentry", "pk": 26, "fields": {"action_time": "2023-11-17T20:39:46.514Z", "user": 1, "content_type": 14, "object_id": "2", "object_repr": "Menstrüasyon Sunumları Gerçekleştirdik", "action_flag": 1, "change_message": "[{\"added\": {}}]"}}, {"model": "admin.logentry", "pk": 27, "fields": {"action_time": "2023-11-17T20:42:03.940Z", "user": 1, "content_type": 14, "object_id": "3", "object_repr": "Fuarlarda FIRST Sunumu ve Küçük Yaş Gruplarına Eğitim", "action_flag": 1, "change_message": "[{\"added\": {}}]"}}, {"model": "admin.logentry", "pk": 28, "fields": {"action_time": "2023-11-17T20:44:45.986Z", "user": 1, "content_type": 14, "object_id": "4", "object_repr": "Depremzedelere Powerbank Projesi", "action_flag": 1, "change_message": "[{\"added\": {}}]"}}, {"model": "admin.logentry", "pk": 29, "fields": {"action_time": "2023-11-17T20:54:29.625Z", "user": 1, "content_type": 11, "object_id": "3", "object_repr": "Hakkımızda", "action_flag": 1, "change_message": "[{\"added\": {}}]"}}, {"model": "admin.logentry", "pk": 30, "fields": {"action_time": "2023-11-17T20:58:33.634Z", "user": 1, "content_type": 11, "object_id": "3", "object_repr": "Hakkımızda", "action_flag": 2, "change_message": "[{\"changed\": {\"fields\": [\"Content\"]}}]"}}, {"model": "admin.logentry", "pk": 31, "fields": {"action_time": "2023-11-19T12:09:49.384Z", "user": 1, "content_type": 8, "object_id": "6", "object_repr": "takim | Takım", "action_flag": 2, "change_message": "[{\"changed\": {\"fields\": [\"Is active\"]}}]"}}, {"model": "admin.logentry", "pk": 32, "fields": {"action_time": "2023-11-19T14:21:19.404Z", "user": 1, "content_type": 8, "object_id": "1", "object_repr": "hakkimizda | Ana Sayfa", "action_flag": 2, "change_message": "[{\"changed\": {\"fields\": [\"Level\"]}}]"}}, {"model": "admin.logentry", "pk": 33, "fields": {"action_time": "2023-11-19T14:21:24.940Z", "user": 1, "content_type": 8, "object_id": "2", "object_repr": "first | First", "action_flag": 2, "change_message": "[{\"changed\": {\"fields\": [\"Level\"]}}]"}}, {"model": "admin.logentry", "pk": 34, "fields": {"action_time": "2023-11-19T14:21:29.883Z", "user": 1, "content_type": 8, "object_id": "3", "object_repr": "frcnedir | FRC Nedir?", "action_flag": 2, "change_message": "[{\"changed\": {\"fields\": [\"Level\"]}}]"}}, {"model": "admin.logentry", "pk": 35, "fields": {"action_time": "2023-11-19T14:21:33.500Z", "user": 1, "content_type": 8, "object_id": "3", "object_repr": "frcnedir | FRC Nedir?", "action_flag": 2, "change_message": "[{\"changed\": {\"fields\": [\"Level\"]}}]"}}, {"model": "admin.logentry", "pk": 36, "fields": {"action_time": "2023-11-19T14:21:41.867Z", "user": 1, "content_type": 8, "object_id": "4", "object_repr": "sponsorlarimiz | Sponsorlarımız", "action_flag": 2, "change_message": "[{\"changed\": {\"fields\": [\"Level\"]}}]"}}, {"model": "admin.logentry", "pk": 37, "fields": {"action_time": "2023-11-19T14:21:48.949Z", "user": 1, "content_type": 8, "object_id": "5", "object_repr": "projelerimiz | Projelerimiz", "action_flag": 2, "change_message": "[{\"changed\": {\"fields\": [\"Level\"]}}]"}}, {"model": "admin.logentry", "pk": 38, "fields": {"action_time": "2023-11-19T14:21:54.594Z", "user": 1, "content_type": 8, "object_id": "6", "object_repr": "takim | Takım", "action_flag": 2, "change_message": "[{\"changed\": {\"fields\": [\"Level\"]}}]"}}, {"model": "admin.logentry", "pk": 39, "fields": {"action_time": "2023-11-19T14:22:01.439Z", "user": 1, "content_type": 8, "object_id": "8", "object_repr": "https://academy.lf8056.com.tr | Akademi", "action_flag": 2, "change_message": "[{\"changed\": {\"fields\": [\"Level\"]}}]"}}, {"model": "admin.logentry", "pk": 40, "fields": {"action_time": "2023-11-19T14:22:30.817Z", "user": 1, "content_type": 8, "object_id": "9", "object_repr": "/haberler | Haberler", "action_flag": 1, "change_message": "[{\"added\": {}}]"}}, {"model": "admin.logentry", "pk": 41, "fields": {"action_time": "2023-11-19T14:22:54.018Z", "user": 1, "content_type": 8, "object_id": "9", "object_repr": "haberler | Haberler", "action_flag": 2, "change_message": "[{\"changed\": {\"fields\": [\"Href\"]}}]"}}, {"model": "admin.logentry", "pk": 42, "fields": {"action_time": "2023-11-19T14:38:25.107Z", "user": 1, "content_type": 8, "object_id": "7", "object_repr": "iletisim | İletişim", "action_flag": 2, "change_message": "[{\"changed\": {\"fields\": [\"Level\"]}}]"}}, {"model": "admin.logentry", "pk": 43, "fields": {"action_time": "2023-11-19T18:36:44.037Z", "user": 1, "content_type": 13, "object_id": "4", "object_repr": "FMI Gıda & Kimya", "action_flag": 1, "change_message": "[{\"added\": {}}]"}}, {"model": "admin.logentry", "pk": 44, "fields": {"action_time": "2023-11-21T06:04:09.779Z", "user": 1, "content_type": 4, "object_id": "2", "object_repr": "feritcem", "action_flag": 1, "change_message": "[{\"added\": {}}]"}}, {"model": "admin.logentry", "pk": 45, "fields": {"action_time": "2023-11-21T06:04:42.863Z", "user": 1, "content_type": 4, "object_id": "2", "object_repr": "feritcem", "action_flag": 2, "change_message": "[{\"changed\": {\"fields\": [\"First name\", \"Last name\", \"Email address\", \"Staff status\", \"Superuser status\"]}}]"}}, {"model": "admin.logentry", "pk": 46, "fields": {"action_time": "2023-11-21T16:14:38.527Z", "user": 2, "content_type": 14, "object_id": "5", "object_repr": "LF AKADEMİ HUGO BOSS EĞİTİMİ", "action_flag": 1, "change_message": "[{\"added\": {}}]"}}, {"model": "admin.logentry", "pk": 47, "fields": {"action_time": "2023-11-21T16:17:06.308Z", "user": 2, "content_type": 14, "object_id": "5", "object_repr": "LF AKADEMİ HUGO BOSS EĞİTİMİ", "action_flag": 2, "change_message": "[{\"changed\": {\"fields\": [\"Image 1\", \"Image 2\", \"Image 3\"]}}]"}}, {"model": "admin.logentry", "pk": 48, "fields": {"action_time": "2023-11-21T16:35:01.383Z", "user": 2, "content_type": 14, "object_id": "5", "object_repr": "LF AKADEMİ HUGO BOSS EĞİTİMİ", "action_flag": 2, "change_message": "[]"}}, {"model": "admin.logentry", "pk": 49, "fields": {"action_time": "2023-11-21T16:36:17.208Z", "user": 2, "content_type": 14, "object_id": "5", "object_repr": "LF AKADEMİ HUGO BOSS EĞİTİMİ", "action_flag": 2, "change_message": "[{\"changed\": {\"fields\": [\"Desc\"]}}]"}}, {"model": "admin.logentry", "pk": 50, "fields": {"action_time": "2023-11-21T16:39:19.564Z", "user": 2, "content_type": 14, "object_id": "5", "object_repr": "LF AKADEMİ ve HUGO BOSS Bünyesinde Yapılan Robotik Eğitimi", "action_flag": 2, "change_message": "[{\"changed\": {\"fields\": [\"Header\"]}}]"}}, {"model": "admin.logentry", "pk": 51, "fields": {"action_time": "2023-11-21T16:39:53.814Z", "user": 2, "content_type": 14, "object_id": "5", "object_repr": "LF AKADEMİ ve HUGO BOSS Ortaklığıyla Yapılan Robotik Eğitimi", "action_flag": 2, "change_message": "[{\"changed\": {\"fields\": [\"Header\"]}}]"}}, {"model": "admin.logentry", "pk": 52, "fields": {"action_time": "2023-11-21T16:41:31.216Z", "user": 2, "content_type": 8, "object_id": "5", "object_repr": "projelerimiz | Sosyal Sorumluluk ve Projeler", "action_flag": 2, "change_message": "[{\"changed\": {\"fields\": [\"Title\"]}}]"}}, {"model": "admin.logentry", "pk": 53, "fields": {"action_time": "2023-11-21T16:42:01.189Z", "user": 2, "content_type": 8, "object_id": "5", "object_repr": "projelerimiz | Projelerimiz", "action_flag": 2, "change_message": "[{\"changed\": {\"fields\": [\"Title\"]}}]"}}, {"model": "admin.logentry", "pk": 54, "fields": {"action_time": "2023-11-21T19:05:39.174Z", "user": 2, "content_type": 14, "object_id": "5", "object_repr": "LF AKADEMİ ve HUGO BOSS Ortaklığıyla Yapılan Robotik Eğitimi", "action_flag": 2, "change_message": "[{\"changed\": {\"fields\": [\"Head image\"]}}]"}}, {"model": "admin.logentry", "pk": 55, "fields": {"action_time": "2023-11-21T19:24:19.999Z", "user": 1, "content_type": 8, "object_id": "8", "object_repr": "https://academy.lf8056.com.tr | Akademi", "action_flag": 2, "change_message": "[{\"changed\": {\"fields\": [\"Is active\"]}}]"}}, {"model": "admin.logentry", "pk": 56, "fields": {"action_time": "2023-11-21T19:43:00.427Z", "user": 1, "content_type": 15, "object_id": "1", "object_repr": "static/assets/upload/news/powerbank_alt1_LSku7Mj.jpeg", "action_flag": 1, "change_message": "[{\"added\": {}}]"}}, {"model": "admin.logentry", "pk": 57, "fields": {"action_time": "2023-11-21T19:43:09.498Z", "user": 1, "content_type": 15, "object_id": "2", "object_repr": "static/assets/upload/news/powerbank_alt2_gu2HwRN.jpeg", "action_flag": 1, "change_message": "[{\"added\": {}}]"}}, {"model": "admin.logentry", "pk": 58, "fields": {"action_time": "2023-11-21T19:43:13.769Z", "user": 1, "content_type": 14, "object_id": "4", "object_repr": "Depremzedelere Powerbank Projesi", "action_flag": 2, "change_message": "[{\"changed\": {\"fields\": [\"Images\"]}}]"}}, {"model": "admin.logentry", "pk": 59, "fields": {"action_time": "2023-11-21T19:43:48.519Z", "user": 1, "content_type": 15, "object_id": "2", "object_repr": "static/assets/upload/news/powerbank_alt2_gu2HwRN.jpeg", "action_flag": 3, "change_message": ""}}, {"model": "admin.logentry", "pk": 60, "fields": {"action_time": "2023-11-21T19:43:48.521Z", "user": 1, "content_type": 15, "object_id": "1", "object_repr": "static/assets/upload/news/powerbank_alt1_LSku7Mj.jpeg", "action_flag": 3, "change_message": ""}}, {"model": "admin.logentry", "pk": 61, "fields": {"action_time": "2023-11-21T19:47:12.615Z", "user": 2, "content_type": 4, "object_id": "3", "object_repr": "fulin", "action_flag": 1, "change_message": "[{\"added\": {}}]"}}, {"model": "admin.logentry", "pk": 62, "fields": {"action_time": "2023-11-21T19:48:54.430Z", "user": 2, "content_type": 4, "object_id": "4", "object_repr": "merve", "action_flag": 1, "change_message": "[{\"added\": {}}]"}}, {"model": "admin.logentry", "pk": 63, "fields": {"action_time": "2023-11-22T09:16:55.944Z", "user": 2, "content_type": 13, "object_id": "5", "object_repr": "Gezvesaire", "action_flag": 1, "change_message": "[{\"added\": {}}]"}}, {"model": "admin.logentry", "pk": 64, "fields": {"action_time": "2023-11-22T09:18:19.223Z", "user": 2, "content_type": 13, "object_id": "5", "object_repr": "Gezvesaire", "action_flag": 2, "change_message": "[{\"changed\": {\"fields\": [\"Queue\"]}}]"}}, {"model": "admin.logentry", "pk": 65, "fields": {"action_time": "2023-11-22T09:21:51.576Z", "user": 2, "content_type": 13, "object_id": "5", "object_repr": "Gezvesaire", "action_flag": 2, "change_message": "[{\"changed\": {\"fields\": [\"Queue\"]}}]"}}, {"model": "admin.logentry", "pk": 66, "fields": {"action_time": "2023-11-22T20:38:57.477Z", "user": 1, "content_type": 4, "object_id": "3", "object_repr": "fulin", "action_flag": 2, "change_message": "[{\"changed\": {\"fields\": [\"Staff status\", \"User permissions\"]}}]"}}, {"model": "admin.logentry", "pk": 67, "fields": {"action_time": "2023-11-22T20:39:17.190Z", "user": 1, "content_type": 4, "object_id": "4", "object_repr": "merve", "action_flag": 2, "change_message": "[{\"changed\": {\"fields\": [\"Staff status\", \"User permissions\"]}}]"}}, {"model": "admin.logentry", "pk": 68, "fields": {"action_time": "2023-11-22T20:41:14.838Z", "user": 1, "content_type": 4, "object_id": "3", "object_repr": "fulin", "action_flag": 2, "change_message": "[{\"changed\": {\"fields\": [\"password\"]}}]"}}, {"model": "admin.logentry", "pk": 69, "fields": {"action_time": "2023-11-22T20:41:50.402Z", "user": 1, "content_type": 4, "object_id": "4", "object_repr": "merve", "action_flag": 2, "change_message": "[{\"changed\": {\"fields\": [\"password\"]}}]"}}, {"model": "admin.logentry", "pk": 70, "fields": {"action_time": "2023-11-25T17:26:18.209Z", "user": 1, "content_type": 7, "object_id": "3", "object_repr": "Tilki TURUNCU", "action_flag": 3, "change_message": ""}}, {"model": "admin.logentry", "pk": 71, "fields": {"action_time": "2023-11-25T17:26:18.212Z", "user": 1, "content_type": 7, "object_id": "2", "object_repr": "Hüseyin ÖZKAN TİLKİ", "action_flag": 3, "change_message": ""}}, {"model": "admin.logentry", "pk": 72, "fields": {"action_time": "2023-11-26T17:24:45.449Z", "user": 1, "content_type": 15, "object_id": "3", "object_repr": "static/assets/upload/news/375848064_280232478287668_7999142625433987955_n.jpg", "action_flag": 1, "change_message": "[{\"added\": {}}]"}}, {"model": "admin.logentry", "pk": 73, "fields": {"action_time": "2023-11-26T17:24:56.240Z", "user": 1, "content_type": 15, "object_id": "4", "object_repr": "static/assets/upload/news/375679291_238359712531204_5074766935230393690_n.jpg", "action_flag": 1, "change_message": "[{\"added\": {}}]"}}, {"model": "admin.logentry", "pk": 74, "fields": {"action_time": "2023-11-26T17:24:58.132Z", "user": 1, "content_type": 14, "object_id": "6", "object_repr": "Girls İn Stem", "action_flag": 1, "change_message": "[{\"added\": {}}]"}}, {"model": "admin.logentry", "pk": 75, "fields": {"action_time": "2023-11-26T17:26:04.590Z", "user": 1, "content_type": 14, "object_id": "6", "object_repr": "#GIRLSINSTEM", "action_flag": 2, "change_message": "[{\"changed\": {\"fields\": [\"Header\"]}}]"}}, {"model": "admin.logentry", "pk": 76, "fields": {"action_time": "2023-11-27T19:57:33.011Z", "user": 4, "content_type": 13, "object_id": "6", "object_repr": "KÜL KİTABEVİ", "action_flag": 1, "change_message": "[{\"added\": {}}]"}}, {"model": "admin.logentry", "pk": 77, "fields": {"action_time": "2023-11-27T19:57:55.590Z", "user": 4, "content_type": 13, "object_id": "6", "object_repr": "Kül Kitabevi", "action_flag": 2, "change_message": "[{\"changed\": {\"fields\": [\"Title\"]}}]"}}, {"model": "admin.logentry", "pk": 78, "fields": {"action_time": "2023-11-27T19:59:52.620Z", "user": 4, "content_type": 13, "object_id": "6", "object_repr": "Kül Kitabevi", "action_flag": 2, "change_message": "[{\"changed\": {\"fields\": [\"Desc\"]}}]"}}, {"model": "admin.logentry", "pk": 79, "fields": {"action_time": "2023-11-27T20:08:29.348Z", "user": 4, "content_type": 13, "object_id": "7", "object_repr": "Özseçkin Grup", "action_flag": 1, "change_message": "[{\"added\": {}}]"}}, {"model": "admin.logentry", "pk": 80, "fields": {"action_time": "2023-11-27T20:10:01.464Z", "user": 4, "content_type": 13, "object_id": "7", "object_repr": "Özseçkin Grup", "action_flag": 2, "change_message": "[{\"changed\": {\"fields\": [\"Desc\"]}}]"}}, {"model": "admin.logentry", "pk": 81, "fields": {"action_time": "2023-11-27T20:17:07.347Z", "user": 4, "content_type": 13, "object_id": "8", "object_repr": "İzmir Personel Giyim", "action_flag": 1, "change_message": "[{\"added\": {}}]"}}, {"model": "admin.logentry", "pk": 82, "fields": {"action_time": "2023-11-27T20:18:10.089Z", "user": 4, "content_type": 13, "object_id": "8", "object_repr": "İzmir Personel Giyim", "action_flag": 2, "change_message": "[{\"changed\": {\"fields\": [\"Desc\"]}}]"}}, {"model": "admin.logentry", "pk": 83, "fields": {"action_time": "2023-11-28T15:25:02.211Z", "user": 4, "content_type": 13, "object_id": "9", "object_repr": "ENSİA Genç", "action_flag": 1, "change_message": "[{\"added\": {}}]"}}, {"model": "admin.logentry", "pk": 84, "fields": {"action_time": "2023-11-28T15:39:18.210Z", "user": 4, "content_type": 13, "object_id": "10", "object_repr": "Reference Foods", "action_flag": 1, "change_message": "[{\"added\": {}}]"}}, {"model": "admin.logentry", "pk": 85, "fields": {"action_time": "2023-11-28T15:46:22.343Z", "user": 4, "content_type": 13, "object_id": "11", "object_repr": "Egevent", "action_flag": 1, "change_message": "[{\"added\": {}}]"}}, {"model": "admin.logentry", "pk": 86, "fields": {"action_time": "2023-11-28T19:00:11.284Z", "user": 1, "content_type": 13, "object_id": "10", "object_repr": "Reference Foods", "action_flag": 2, "change_message": "[{\"changed\": {\"fields\": [\"Queue\"]}}]"}}, {"model": "admin.logentry", "pk": 87, "fields": {"action_time": "2023-11-28T19:00:18.621Z", "user": 1, "content_type": 13, "object_id": "11", "object_repr": "Egevent", "action_flag": 2, "change_message": "[{\"changed\": {\"fields\": [\"Queue\"]}}]"}}, {"model": "admin.logentry", "pk": 88, "fields": {"action_time": "2023-11-28T19:00:29.125Z", "user": 1, "content_type": 13, "object_id": "9", "object_repr": "ENSİA Genç", "action_flag": 2, "change_message": "[{\"changed\": {\"fields\": [\"Queue\"]}}]"}}, {"model": "admin.logentry", "pk": 89, "fields": {"action_time": "2023-11-28T19:00:35.634Z", "user": 1, "content_type": 13, "object_id": "8", "object_repr": "İzmir Personel Giyim", "action_flag": 2, "change_message": "[{\"changed\": {\"fields\": [\"Queue\"]}}]"}}, {"model": "admin.logentry", "pk": 90, "fields": {"action_time": "2023-11-28T19:00:41.442Z", "user": 1, "content_type": 13, "object_id": "7", "object_repr": "Özseçkin Grup", "action_flag": 2, "change_message": "[{\"changed\": {\"fields\": [\"Queue\"]}}]"}}, {"model": "admin.logentry", "pk": 91, "fields": {"action_time": "2023-11-28T19:00:48.329Z", "user": 1, "content_type": 13, "object_id": "6", "object_repr": "Kül Kitabevi", "action_flag": 2, "change_message": "[{\"changed\": {\"fields\": [\"Queue\"]}}]"}}, {"model": "admin.logentry", "pk": 92, "fields": {"action_time": "2023-11-28T19:00:55.120Z", "user": 1, "content_type": 13, "object_id": "5", "object_repr": "Gezvesaire", "action_flag": 2, "change_message": "[{\"changed\": {\"fields\": [\"Queue\"]}}]"}}, {"model": "admin.logentry", "pk": 93, "fields": {"action_time": "2023-11-28T19:01:00.993Z", "user": 1, "content_type": 13, "object_id": "4", "object_repr": "FMI Gıda & Kimya", "action_flag": 2, "change_message": "[{\"changed\": {\"fields\": [\"Queue\"]}}]"}}, {"model": "admin.logentry", "pk": 94, "fields": {"action_time": "2023-11-28T19:01:08.890Z", "user": 1, "content_type": 13, "object_id": "3", "object_repr": "Hugo BOSS", "action_flag": 2, "change_message": "[{\"changed\": {\"fields\": [\"Queue\"]}}]"}}, {"model": "admin.logentry", "pk": 95, "fields": {"action_time": "2023-11-28T19:01:14.732Z", "user": 1, "content_type": 13, "object_id": "2", "object_repr": "BOEING", "action_flag": 2, "change_message": "[{\"changed\": {\"fields\": [\"Queue\"]}}]"}}, {"model": "admin.logentry", "pk": 96, "fields": {"action_time": "2023-11-28T19:01:18.744Z", "user": 1, "content_type": 13, "object_id": "1", "object_repr": "AERO RÜZGAR ENERJİ", "action_flag": 2, "change_message": "[]"}}, {"model": "admin.logentry", "pk": 97, "fields": {"action_time": "2023-11-30T07:31:54.952Z", "user": 2, "content_type": 13, "object_id": "9", "object_repr": "ENSİA Genç", "action_flag": 2, "change_message": "[{\"changed\": {\"fields\": [\"Desc\"]}}]"}}, {"model": "admin.logentry", "pk": 98, "fields": {"action_time": "2023-11-30T07:32:15.416Z", "user": 2, "content_type": 13, "object_id": "5", "object_repr": "Gezvesaire", "action_flag": 2, "change_message": "[{\"changed\": {\"fields\": [\"Queue\"]}}]"}}, {"model": "admin.logentry", "pk": 99, "fields": {"action_time": "2023-11-30T07:32:33.090Z", "user": 2, "content_type": 13, "object_id": "5", "object_repr": "Gezvesaire", "action_flag": 2, "change_message": "[{\"changed\": {\"fields\": [\"Queue\"]}}]"}}, {"model": "admin.logentry", "pk": 100, "fields": {"action_time": "2023-11-30T07:32:50.711Z", "user": 2, "content_type": 13, "object_id": "8", "object_repr": "İzmir Personel Giyim", "action_flag": 2, "change_message": "[{\"changed\": {\"fields\": [\"Queue\"]}}]"}}, {"model": "admin.logentry", "pk": 101, "fields": {"action_time": "2023-11-30T07:33:12.359Z", "user": 2, "content_type": 13, "object_id": "4", "object_repr": "FMI Gıda & Kimya", "action_flag": 2, "change_message": "[{\"changed\": {\"fields\": [\"Queue\"]}}]"}}, {"model": "admin.logentry", "pk": 102, "fields": {"action_time": "2023-12-11T17:21:28.152Z", "user": 1, "content_type": 4, "object_id": "3", "object_repr": "fulin", "action_flag": 2, "change_message": "[{\"changed\": {\"fields\": [\"User permissions\"]}}]"}}, {"model": "admin.logentry", "pk": 103, "fields": {"action_time": "2023-12-11T17:43:31.523Z", "user": 1, "content_type": 8, "object_id": "8", "object_repr": "academy | Akademi", "action_flag": 2, "change_message": "[{\"changed\": {\"fields\": [\"Href\", \"Target\", \"Is active\"]}}]"}}, {"model": "admin.logentry", "pk": 104, "fields": {"action_time": "2023-12-11T17:44:56.066Z", "user": 1, "content_type": 8, "object_id": "8", "object_repr": "academy/ | Akademi", "action_flag": 2, "change_message": "[{\"changed\": {\"fields\": [\"Href\"]}}]"}}, {"model": "admin.logentry", "pk": 105, "fields": {"action_time": "2023-12-11T18:50:47.154Z", "user": 1, "content_type": 4, "object_id": "10", "object_repr": "oktem.can", "action_flag": 2, "change_message": "[{\"changed\": {\"fields\": [\"User permissions\"]}}]"}}, {"model": "admin.logentry", "pk": 106, "fields": {"action_time": "2023-12-11T18:51:00.739Z", "user": 1, "content_type": 4, "object_id": "10", "object_repr": "oktem.can", "action_flag": 2, "change_message": "[{\"changed\": {\"fields\": [\"Staff status\"]}}]"}}, {"model": "admin.logentry", "pk": 107, "fields": {"action_time": "2023-12-11T19:07:48.746Z", "user": 1, "content_type": 18, "object_id": "1", "object_repr": "FRC", "action_flag": 1, "change_message": "[{\"added\": {}}]"}}, {"model": "admin.logentry", "pk": 108, "fields": {"action_time": "2023-12-11T19:07:53.523Z", "user": 1, "content_type": 17, "object_id": "1", "object_repr": "3B Modelleme", "action_flag": 1, "change_message": "[{\"added\": {}}]"}}, {"model": "admin.logentry", "pk": 109, "fields": {"action_time": "2023-12-11T19:08:08.859Z", "user": 1, "content_type": 19, "object_id": "1", "object_repr": "solidworks", "action_flag": 1, "change_message": "[{\"added\": {}}]"}}, {"model": "admin.logentry", "pk": 110, "fields": {"action_time": "2023-12-11T19:19:16.660Z", "user": 1, "content_type": 20, "object_id": "1", "object_repr": "Tasarımdan Üretime Ders - 1", "action_flag": 1, "change_message": "[{\"added\": {}}]"}}, {"model": "admin.logentry", "pk": 111, "fields": {"action_time": "2023-12-11T19:23:22.047Z", "user": 1, "content_type": 17, "object_id": "1", "object_repr": "Mekanik", "action_flag": 2, "change_message": "[{\"changed\": {\"fields\": [\"Name\"]}}]"}}, {"model": "admin.logentry", "pk": 112, "fields": {"action_time": "2023-12-11T19:23:51.714Z", "user": 1, "content_type": 19, "object_id": "1", "object_repr": "Solidworks", "action_flag": 2, "change_message": "[{\"changed\": {\"fields\": [\"Name\", \"Order\", \"Menu icon\"]}}]"}}, {"model": "admin.logentry", "pk": 113, "fields": {"action_time": "2023-12-11T19:27:04.969Z", "user": 1, "content_type": 20, "object_id": "2", "object_repr": "Tasarımdan üretime ders -2", "action_flag": 1, "change_message": "[{\"added\": {}}]"}}, {"model": "admin.logentry", "pk": 114, "fields": {"action_time": "2023-12-11T19:31:57.049Z", "user": 1, "content_type": 20, "object_id": "2", "object_repr": "Tasarımdan üretime ders -2", "action_flag": 2, "change_message": "[{\"changed\": {\"fields\": [\"File\"]}}]"}}, {"model": "admin.logentry", "pk": 115, "fields": {"action_time": "2023-12-11T19:33:55.454Z", "user": 1, "content_type": 17, "object_id": "2", "object_repr": "Temel Tasarım", "action_flag": 1, "change_message": "[{\"added\": {}}]"}}, {"model": "admin.logentry", "pk": 116, "fields": {"action_time": "2023-12-11T19:34:21.327Z", "user": 1, "content_type": 19, "object_id": "2", "object_repr": "Tasarım", "action_flag": 1, "change_message": "[{\"added\": {}}]"}}, {"model": "admin.logentry", "pk": 117, "fields": {"action_time": "2023-12-11T19:34:59.471Z", "user": 1, "content_type": 19, "object_id": "2", "object_repr": "Tasarım", "action_flag": 2, "change_message": "[]"}}, {"model": "admin.logentry", "pk": 118, "fields": {"action_time": "2023-12-11T19:36:04.909Z", "user": 1, "content_type": 20, "object_id": "3", "object_repr": "Sanat Tasarım Elemanları", "action_flag": 1, "change_message": "[{\"added\": {}}]"}}, {"model": "admin.logentry", "pk": 119, "fields": {"action_time": "2023-12-11T19:38:44.627Z", "user": 1, "content_type": 17, "object_id": "3", "object_repr": "FR", "action_flag": 1, "change_message": "[{\"added\": {}}]"}}, {"model": "admin.logentry", "pk": 120, "fields": {"action_time": "2023-12-11T19:38:53.764Z", "user": 1, "content_type": 17, "object_id": "3", "object_repr": "FRC 101", "action_flag": 2, "change_message": "[{\"changed\": {\"fields\": [\"Name\"]}}]"}}, {"model": "admin.logentry", "pk": 121, "fields": {"action_time": "2023-12-11T19:39:08.770Z", "user": 1, "content_type": 19, "object_id": "3", "object_repr": "FRC'ye Giriş", "action_flag": 1, "change_message": "[{\"added\": {}}]"}}, {"model": "admin.logentry", "pk": 122, "fields": {"action_time": "2023-12-11T20:06:45.014Z", "user": 1, "content_type": 20, "object_id": "4", "object_repr": "FRC Nedir?", "action_flag": 1, "change_message": "[{\"added\": {}}]"}}, {"model": "admin.logentry", "pk": 123, "fields": {"action_time": "2023-12-11T20:12:35.309Z", "user": 1, "content_type": 20, "object_id": "5", "object_repr": "Frc Sistemler", "action_flag": 1, "change_message": "[{\"added\": {}}]"}}, {"model": "admin.logentry", "pk": 124, "fields": {"action_time": "2023-12-11T20:16:00.019Z", "user": 1, "content_type": 20, "object_id": "6", "object_repr": "FRC Mekanik", "action_flag": 1, "change_message": "[{\"added\": {}}]"}}, {"model": "admin.logentry", "pk": 125, "fields": {"action_time": "2023-12-11T20:17:09.098Z", "user": 1, "content_type": 20, "object_id": "7", "object_repr": "FRC Elektronik", "action_flag": 1, "change_message": "[{\"added\": {}}]"}}, {"model": "admin.logentry", "pk": 126, "fields": {"action_time": "2023-12-11T20:18:05.724Z", "user": 1, "content_type": 20, "object_id": "8", "object_repr": "FRC Yazılım", "action_flag": 1, "change_message": "[{\"added\": {}}]"}}, {"model": "admin.logentry", "pk": 127, "fields": {"action_time": "2023-12-13T20:43:19.995Z", "user": 1, "content_type": 20, "object_id": "2", "object_repr": "Tasarımdan üretime ders -2", "action_flag": 2, "change_message": "[{\"changed\": {\"fields\": [\"File\"]}}]"}}, {"model": "admin.logentry", "pk": 128, "fields": {"action_time": "2023-12-13T21:03:21.490Z", "user": 1, "content_type": 20, "object_id": "2", "object_repr": "Tasarımdan üretime ders -2", "action_flag": 2, "change_message": "[{\"changed\": {\"fields\": [\"File\"]}}]"}}, {"model": "admin.logentry", "pk": 129, "fields": {"action_time": "2023-12-14T17:46:24.411Z", "user": 4, "content_type": 13, "object_id": "12", "object_repr": "Kaplanlar", "action_flag": 1, "change_message": "[{\"added\": {}}]"}}, {"model": "admin.logentry", "pk": 130, "fields": {"action_time": "2023-12-14T17:46:37.338Z", "user": 4, "content_type": 13, "object_id": "12", "object_repr": "Kaplanlar", "action_flag": 2, "change_message": "[]"}}, {"model": "admin.logentry", "pk": 131, "fields": {"action_time": "2023-12-15T20:19:18.331Z", "user": 1, "content_type": 18, "object_id": "2", "object_repr": "FLL", "action_flag": 1, "change_message": "[{\"added\": {}}]"}}, {"model": "admin.logentry", "pk": 132, "fields": {"action_time": "2023-12-18T19:34:57.290Z", "user": 4, "content_type": 15, "object_id": "5", "object_repr": "static/assets/upload/news/347067531_204767528574816_2600540028682610219_n.webp", "action_flag": 1, "change_message": "[{\"added\": {}}]"}}, {"model": "admin.logentry", "pk": 133, "fields": {"action_time": "2023-12-18T19:35:25.644Z", "user": 4, "content_type": 15, "object_id": "6", "object_repr": "static/assets/upload/news/347077485_205401108963866_9177287492210020777_n.webp", "action_flag": 1, "change_message": "[{\"added\": {}}]"}}, {"model": "admin.logentry", "pk": 134, "fields": {"action_time": "2023-12-18T19:35:40.326Z", "user": 4, "content_type": 15, "object_id": "7", "object_repr": "static/assets/upload/news/347450029_571740455085557_8354514307689921385_n.webp", "action_flag": 1, "change_message": "[{\"added\": {}}]"}}, {"model": "admin.logentry", "pk": 135, "fields": {"action_time": "2023-12-18T19:35:50.347Z", "user": 4, "content_type": 15, "object_id": "8", "object_repr": "static/assets/upload/news/347489159_577779707670051_7143799443229988151_n.webp", "action_flag": 1, "change_message": "[{\"added\": {}}]"}}, {"model": "admin.logentry", "pk": 136, "fields": {"action_time": "2023-12-20T19:05:04.447Z", "user": 1, "content_type": 15, "object_id": "9", "object_repr": "static/assets/upload/news/fll_2.jpg", "action_flag": 1, "change_message": "[{\"added\": {}}]"}}, {"model": "admin.logentry", "pk": 137, "fields": {"action_time": "2023-12-20T19:05:12.595Z", "user": 1, "content_type": 15, "object_id": "10", "object_repr": "static/assets/upload/news/fll_3.jpg", "action_flag": 1, "change_message": "[{\"added\": {}}]"}}, {"model": "admin.logentry", "pk": 138, "fields": {"action_time": "2023-12-20T19:05:20.928Z", "user": 1, "content_type": 15, "object_id": "11", "object_repr": "static/assets/upload/news/fll_4.jpg", "action_flag": 1, "change_message": "[{\"added\": {}}]"}}, {"model": "admin.logentry", "pk": 139, "fields": {"action_time": "2023-12-20T19:05:30.521Z", "user": 1, "content_type": 15, "object_id": "12", "object_repr": "static/assets/upload/news/fll_5.jpg", "action_flag": 1, "change_message": "[{\"added\": {}}]"}}, {"model": "admin.logentry", "pk": 140, "fields": {"action_time": "2023-12-20T19:05:37.008Z", "user": 1, "content_type": 15, "object_id": "13", "object_repr": "static/assets/upload/news/fll_6.jpg", "action_flag": 1, "change_message": "[{\"added\": {}}]"}}, {"model": "admin.logentry", "pk": 141, "fields": {"action_time": "2023-12-20T19:05:44.784Z", "user": 1, "content_type": 14, "object_id": "7", "object_repr": "19. Ulusal FLL Turnuvasında takımımızla gönüllü olmaktan onur duyduk", "action_flag": 1, "change_message": "[{\"added\": {}}]"}}, {"model": "admin.logentry", "pk": 142, "fields": {"action_time": "2023-12-20T19:06:35.280Z", "user": 1, "content_type": 14, "object_id": "7", "object_repr": "19. Ulusal FLL Turnuvasında takımımızla gönüllü olmaktan onur duyduk", "action_flag": 2, "change_message": "[{\"changed\": {\"fields\": [\"Timestamp\"]}}]"}}, {"model": "admin.logentry", "pk": 143, "fields": {"action_time": "2023-12-20T19:13:11.543Z", "user": 1, "content_type": 15, "object_id": "14", "object_repr": "static/assets/upload/news/jr_fll_1.jpg", "action_flag": 1, "change_message": "[{\"added\": {}}]"}}, {"model": "admin.logentry", "pk": 144, "fields": {"action_time": "2023-12-20T19:13:18.570Z", "user": 1, "content_type": 15, "object_id": "15", "object_repr": "static/assets/upload/news/jr_fll_2.jpg", "action_flag": 1, "change_message": "[{\"added\": {}}]"}}, {"model": "admin.logentry", "pk": 145, "fields": {"action_time": "2023-12-20T19:13:26.082Z", "user": 1, "content_type": 15, "object_id": "16", "object_repr": "static/assets/upload/news/jr_fll_3.jpg", "action_flag": 1, "change_message": "[{\"added\": {}}]"}}, {"model": "admin.logentry", "pk": 146, "fields": {"action_time": "2023-12-20T19:13:35.017Z", "user": 1, "content_type": 15, "object_id": "17", "object_repr": "static/assets/upload/news/jr_fll4.jpg", "action_flag": 1, "change_message": "[{\"added\": {}}]"}}, {"model": "admin.logentry", "pk": 147, "fields": {"action_time": "2023-12-20T19:13:44.913Z", "user": 1, "content_type": 15, "object_id": "18", "object_repr": "static/assets/upload/news/jr_fll_5.jpg", "action_flag": 1, "change_message": "[{\"added\": {}}]"}}, {"model": "admin.logentry", "pk": 148, "fields": {"action_time": "2023-12-20T19:13:51.932Z", "user": 1, "content_type": 15, "object_id": "19", "object_repr": "static/assets/upload/news/jr_fll_6.jpg", "action_flag": 1, "change_message": "[{\"added\": {}}]"}}, {"model": "admin.logentry", "pk": 149, "fields": {"action_time": "2023-12-20T19:13:58.524Z", "user": 1, "content_type": 15, "object_id": "20", "object_repr": "static/assets/upload/news/jr_fll_7.jpg", "action_flag": 1, "change_message": "[{\"added\": {}}]"}}, {"model": "admin.logentry", "pk": 150, "fields": {"action_time": "2023-12-20T19:14:05.418Z", "user": 1, "content_type": 15, "object_id": "21", "object_repr": "static/assets/upload/news/jr_fll_8.jpg", "action_flag": 1, "change_message": "[{\"added\": {}}]"}}, {"model": "admin.logentry", "pk": 151, "fields": {"action_time": "2023-12-20T19:14:13.027Z", "user": 1, "content_type": 15, "object_id": "22", "object_repr": "static/assets/upload/news/jr_fll_9.jpg", "action_flag": 1, "change_message": "[{\"added\": {}}]"}}, {"model": "admin.logentry", "pk": 152, "fields": {"action_time": "2023-12-20T19:14:27.999Z", "user": 1, "content_type": 14, "object_id": "8", "object_repr": "FLL Explorer turnuvasına gönüllü olarak katıldık.", "action_flag": 1, "change_message": "[{\"added\": {}}]"}}, {"model": "admin.logentry", "pk": 153, "fields": {"action_time": "2023-12-21T19:57:32.244Z", "user": 4, "content_type": 14, "object_id": "9", "object_repr": "Takımımız TAKEV Anadolu ve Fen Lisesine Mensturasyon, FIRST ve FRC ile ilgili sunum yaptı.", "action_flag": 1, "change_message": "[{\"added\": {}}]"}}, {"model": "admin.logentry", "pk": 154, "fields": {"action_time": "2023-12-21T20:03:00.231Z", "user": 4, "content_type": 14, "object_id": "9", "object_repr": "Takımımız TAKEV Anadolu ve Fen Lisesine Mensturasyon, FIRST ve FRC ile ilgili sunum yaptı.", "action_flag": 3, "change_message": ""}}, {"model": "admin.logentry", "pk": 155, "fields": {"action_time": "2023-12-21T20:20:51.708Z", "user": 4, "content_type": 15, "object_id": "23", "object_repr": "static/assets/upload/news/336176832_3392020764373998_35675908009711675_n.jpg", "action_flag": 1, "change_message": "[{\"added\": {}}]"}}, {"model": "admin.logentry", "pk": 156, "fields": {"action_time": "2023-12-21T20:21:10.289Z", "user": 4, "content_type": 15, "object_id": "24", "object_repr": "static/assets/upload/news/336326336_935456487484990_5352007984154483101_n.jpg", "action_flag": 1, "change_message": "[{\"added\": {}}]"}}, {"model": "admin.logentry", "pk": 157, "fields": {"action_time": "2023-12-21T20:21:17.839Z", "user": 4, "content_type": 15, "object_id": "25", "object_repr": "static/assets/upload/news/336496766_662674102534702_3058824226842065524_n.jpg", "action_flag": 1, "change_message": "[{\"added\": {}}]"}}, {"model": "admin.logentry", "pk": 158, "fields": {"action_time": "2023-12-21T20:25:42.055Z", "user": 4, "content_type": 14, "object_id": "10", "object_repr": "Takımımız Werover Ekibine Mekanik Sunumunu Gerçekleştirdi", "action_flag": 1, "change_message": "[{\"added\": {}}]"}}, {"model": "admin.logentry", "pk": 159, "fields": {"action_time": "2023-12-21T20:27:57.096Z", "user": 4, "content_type": 14, "object_id": "10", "object_repr": "Takımımız Werover Ekibine Mekanik Sunumunu Gerçekleştirdi", "action_flag": 2, "change_message": "[{\"changed\": {\"fields\": [\"Images\"]}}]"}}, {"model": "admin.logentry", "pk": 160, "fields": {"action_time": "2023-12-22T14:51:46.771Z", "user": 4, "content_type": 15, "object_id": "26", "object_repr": "static/assets/upload/news/395747787_886445296350052_7257416803938940852_n.jpg", "action_flag": 1, "change_message": "[{\"added\": {}}]"}}, {"model": "admin.logentry", "pk": 161, "fields": {"action_time": "2023-12-22T14:51:55.762Z", "user": 4, "content_type": 15, "object_id": "27", "object_repr": "static/assets/upload/news/404644199_724044269219385_3623679268826760124_n.jpg", "action_flag": 1, "change_message": "[{\"added\": {}}]"}}, {"model": "admin.logentry", "pk": 162, "fields": {"action_time": "2023-12-22T14:52:05.285Z", "user": 4, "content_type": 15, "object_id": "28", "object_repr": "static/assets/upload/news/407236673_898063678500852_1646069720954069591_n.jpg", "action_flag": 1, "change_message": "[{\"added\": {}}]"}}, {"model": "admin.logentry", "pk": 163, "fields": {"action_time": "2023-12-22T14:52:12.409Z", "user": 4, "content_type": 15, "object_id": "29", "object_repr": "static/assets/upload/news/407397151_243676475211874_4489079513909773824_n.jpg", "action_flag": 1, "change_message": "[{\"added\": {}}]"}}, {"model": "admin.logentry", "pk": 164, "fields": {"action_time": "2023-12-22T14:52:20.880Z", "user": 4, "content_type": 15, "object_id": "30", "object_repr": "static/assets/upload/news/407899275_1928524667602083_2155255188501319058_n.jpg", "action_flag": 1, "change_message": "[{\"added\": {}}]"}}, {"model": "admin.logentry", "pk": 165, "fields": {"action_time": "2023-12-22T14:53:59.691Z", "user": 4, "content_type": 14, "object_id": "11", "object_repr": "ROBOTAKEV Eğitimi", "action_flag": 1, "change_message": "[{\"added\": {}}]"}}, {"model": "admin.logentry", "pk": 166, "fields": {"action_time": "2023-12-24T17:36:03.214Z", "user": 10, "content_type": 14, "object_id": "12", "object_repr": "Almanya'dan gelen öğrencilere FIRST ve FRC sunumu", "action_flag": 1, "change_message": "[{\"added\": {}}]"}}, {"model": "admin.logentry", "pk": 167, "fields": {"action_time": "2023-12-27T14:22:32.937Z", "user": 4, "content_type": 15, "object_id": "31", "object_repr": "static/assets/upload/news/365973165_287217123909387_4483945618576358974_n.jpg", "action_flag": 1, "change_message": "[{\"added\": {}}]"}}, {"model": "admin.logentry", "pk": 168, "fields": {"action_time": "2023-12-27T14:22:43.146Z", "user": 4, "content_type": 15, "object_id": "32", "object_repr": "static/assets/upload/news/366518493_1668680203638483_8139696970243971881_n.jpg", "action_flag": 1, "change_message": "[{\"added\": {}}]"}}, {"model": "admin.logentry", "pk": 169, "fields": {"action_time": "2023-12-27T14:22:52.478Z", "user": 4, "content_type": 15, "object_id": "33", "object_repr": "static/assets/upload/news/366535299_252498587703653_6399016095337620361_n.jpg", "action_flag": 1, "change_message": "[{\"added\": {}}]"}}, {"model": "admin.logentry", "pk": 170, "fields": {"action_time": "2023-12-27T14:23:02.878Z", "user": 4, "content_type": 14, "object_id": "13", "object_repr": "Yeni Sezon Robot Hazırlıkları", "action_flag": 1, "change_message": "[{\"added\": {}}]"}}, {"model": "admin.logentry", "pk": 171, "fields": {"action_time": "2023-12-27T18:51:46.771Z", "user": 4, "content_type": 15, "object_id": "34", "object_repr": "static/assets/upload/news/65656991_102684444324665_7900200323655944410_n.jpg", "action_flag": 1, "change_message": "[{\"added\": {}}]"}}, {"model": "admin.logentry", "pk": 172, "fields": {"action_time": "2023-12-27T18:52:32.972Z", "user": 4, "content_type": 14, "object_id": "14", "object_repr": "İlk Toplantı", "action_flag": 1, "change_message": "[{\"added\": {}}]"}}, {"model": "admin.logentry", "pk": 173, "fields": {"action_time": "2023-12-27T19:07:18.216Z", "user": 4, "content_type": 15, "object_id": "35", "object_repr": "static/assets/upload/news/121060007_716925555573627_725396741106845293_n.jpg", "action_flag": 1, "change_message": "[{\"added\": {}}]"}}, {"model": "admin.logentry", "pk": 174, "fields": {"action_time": "2023-12-27T19:07:27.632Z", "user": 4, "content_type": 15, "object_id": "36", "object_repr": "static/assets/upload/news/121282617_343522080309362_3103447137707108742_n.jpg", "action_flag": 1, "change_message": "[{\"added\": {}}]"}}, {"model": "admin.logentry", "pk": 175, "fields": {"action_time": "2023-12-27T19:07:37.345Z", "user": 4, "content_type": 14, "object_id": "15", "object_repr": "Dünya Kız Çocukları Günü", "action_flag": 1, "change_message": "[{\"added\": {}}]"}}, {"model": "admin.logentry", "pk": 176, "fields": {"action_time": "2023-12-27T19:18:38.004Z", "user": 4, "content_type": 15, "object_id": "37", "object_repr": "static/assets/upload/news/353039083_1394988431352365_8034071515837595639_n.jpeg", "action_flag": 1, "change_message": "[{\"added\": {}}]"}}, {"model": "admin.logentry", "pk": 177, "fields": {"action_time": "2023-12-27T19:18:46.432Z", "user": 4, "content_type": 15, "object_id": "38", "object_repr": "static/assets/upload/news/353061292_627820929377293_5832043763049023511_n.jpeg", "action_flag": 1, "change_message": "[{\"added\": {}}]"}}, {"model": "admin.logentry", "pk": 178, "fields": {"action_time": "2023-12-27T19:18:56.825Z", "user": 4, "content_type": 15, "object_id": "39", "object_repr": "static/assets/upload/news/353072708_775719253963430_796775053660533787_n.jpeg", "action_flag": 1, "change_message": "[{\"added\": {}}]"}}, {"model": "admin.logentry", "pk": 179, "fields": {"action_time": "2023-12-27T19:19:09.991Z", "user": 4, "content_type": 15, "object_id": "40", "object_repr": "static/assets/upload/news/353468675_253044427413052_7379583039981191923_n.jpeg", "action_flag": 1, "change_message": "[{\"added\": {}}]"}}, {"model": "admin.logentry", "pk": 180, "fields": {"action_time": "2023-12-27T19:19:17.751Z", "user": 4, "content_type": 15, "object_id": "41", "object_repr": "static/assets/upload/news/353575087_944926320071567_7419698086200637264_n.jpeg", "action_flag": 1, "change_message": "[{\"added\": {}}]"}}, {"model": "admin.logentry", "pk": 181, "fields": {"action_time": "2023-12-27T19:19:25.836Z", "user": 4, "content_type": 15, "object_id": "42", "object_repr": "static/assets/upload/news/353591047_1072282933759422_7369067441448994705_n.jpeg", "action_flag": 1, "change_message": "[{\"added\": {}}]"}}, {"model": "admin.logentry", "pk": 182, "fields": {"action_time": "2023-12-27T19:19:35.431Z", "user": 4, "content_type": 15, "object_id": "43", "object_repr": "static/assets/upload/news/353613420_1187550471928701_7650463602277587984_n.jpeg", "action_flag": 1, "change_message": "[{\"added\": {}}]"}}, {"model": "admin.logentry", "pk": 183, "fields": {"action_time": "2023-12-27T19:20:06.619Z", "user": 4, "content_type": 14, "object_id": "16", "object_repr": "TAKEV FLL Turnuvası", "action_flag": 1, "change_message": "[{\"added\": {}}]"}}, {"model": "admin.logentry", "pk": 184, "fields": {"action_time": "2023-12-27T19:21:42.679Z", "user": 4, "content_type": 14, "object_id": "16", "object_repr": "TAKEV FLL Turnuvası", "action_flag": 3, "change_message": ""}}, {"model": "admin.logentry", "pk": 185, "fields": {"action_time": "2023-12-27T19:32:16.097Z", "user": 4, "content_type": 15, "object_id": "44", "object_repr": "static/assets/upload/news/350243176_1273674040185493_5735735488250236144_n.jpeg", "action_flag": 1, "change_message": "[{\"added\": {}}]"}}, {"model": "admin.logentry", "pk": 186, "fields": {"action_time": "2023-12-27T19:32:27.197Z", "user": 4, "content_type": 15, "object_id": "45", "object_repr": "static/assets/upload/news/350432370_6201480119969019_7326275106875412664_n.jpeg", "action_flag": 1, "change_message": "[{\"added\": {}}]"}}, {"model": "admin.logentry", "pk": 187, "fields": {"action_time": "2023-12-27T19:34:54.262Z", "user": 4, "content_type": 14, "object_id": "17", "object_repr": "Robokod Kozmos Takımına Destek Ziyareti", "action_flag": 1, "change_message": "[{\"added\": {}}]"}}, {"model": "admin.logentry", "pk": 188, "fields": {"action_time": "2023-12-28T15:34:06.790Z", "user": 2, "content_type": 14, "object_id": "11", "object_repr": "ROBOTAKEV Eğitimi", "action_flag": 2, "change_message": "[{\"changed\": {\"fields\": [\"Desc\"]}}]"}}, {"model": "admin.logentry", "pk": 189, "fields": {"action_time": "2023-12-28T15:42:05.588Z", "user": 4, "content_type": 14, "object_id": "14", "object_repr": "İlk Toplantı", "action_flag": 2, "change_message": "[{\"changed\": {\"fields\": [\"Desc\"]}}]"}}, {"model": "auth.permission", "pk": 1, "fields": {"name": "Can add log entry", "content_type": 1, "codename": "add_logentry"}}, {"model": "auth.permission", "pk": 2, "fields": {"name": "Can change log entry", "content_type": 1, "codename": "change_logentry"}}, {"model": "auth.permission", "pk": 3, "fields": {"name": "Can delete log entry", "content_type": 1, "codename": "delete_logentry"}}, {"model": "auth.permission", "pk": 4, "fields": {"name": "Can view log entry", "content_type": 1, "codename": "view_logentry"}}, {"model": "auth.permission", "pk": 5, "fields": {"name": "Can add permission", "content_type": 2, "codename": "add_permission"}}, {"model": "auth.permission", "pk": 6, "fields": {"name": "Can change permission", "content_type": 2, "codename": "change_permission"}}, {"model": "auth.permission", "pk": 7, "fields": {"name": "Can delete permission", "content_type": 2, "codename": "delete_permission"}}, {"model": "auth.permission", "pk": 8, "fields": {"name": "Can view permission", "content_type": 2, "codename": "view_permission"}}, {"model": "auth.permission", "pk": 9, "fields": {"name": "Can add group", "content_type": 3, "codename": "add_group"}}, {"model": "auth.permission", "pk": 10, "fields": {"name": "Can change group", "content_type": 3, "codename": "change_group"}}, {"model": "auth.permission", "pk": 11, "fields": {"name": "Can delete group", "content_type": 3, "codename": "delete_group"}}, {"model": "auth.permission", "pk": 12, "fields": {"name": "Can view group", "content_type": 3, "codename": "view_group"}}, {"model": "auth.permission", "pk": 13, "fields": {"name": "Can add user", "content_type": 4, "codename": "add_user"}}, {"model": "auth.permission", "pk": 14, "fields": {"name": "Can change user", "content_type": 4, "codename": "change_user"}}, {"model": "auth.permission", "pk": 15, "fields": {"name": "Can delete user", "content_type": 4, "codename": "delete_user"}}, {"model": "auth.permission", "pk": 16, "fields": {"name": "Can view user", "content_type": 4, "codename": "view_user"}}, {"model": "auth.permission", "pk": 17, "fields": {"name": "Can add content type", "content_type": 5, "codename": "add_contenttype"}}, {"model": "auth.permission", "pk": 18, "fields": {"name": "Can change content type", "content_type": 5, "codename": "change_contenttype"}}, {"model": "auth.permission", "pk": 19, "fields": {"name": "Can delete content type", "content_type": 5, "codename": "delete_contenttype"}}, {"model": "auth.permission", "pk": 20, "fields": {"name": "Can view content type", "content_type": 5, "codename": "view_contenttype"}}, {"model": "auth.permission", "pk": 21, "fields": {"name": "Can add session", "content_type": 6, "codename": "add_session"}}, {"model": "auth.permission", "pk": 22, "fields": {"name": "Can change session", "content_type": 6, "codename": "change_session"}}, {"model": "auth.permission", "pk": 23, "fields": {"name": "Can delete session", "content_type": 6, "codename": "delete_session"}}, {"model": "auth.permission", "pk": 24, "fields": {"name": "Can view session", "content_type": 6, "codename": "view_session"}}, {"model": "auth.permission", "pk": 25, "fields": {"name": "Can add contact_form", "content_type": 7, "codename": "add_contact_form"}}, {"model": "auth.permission", "pk": 26, "fields": {"name": "Can change contact_form", "content_type": 7, "codename": "change_contact_form"}}, {"model": "auth.permission", "pk": 27, "fields": {"name": "Can delete contact_form", "content_type": 7, "codename": "delete_contact_form"}}, {"model": "auth.permission", "pk": 28, "fields": {"name": "Can view contact_form", "content_type": 7, "codename": "view_contact_form"}}, {"model": "auth.permission", "pk": 29, "fields": {"name": "Can add main_nav", "content_type": 8, "codename": "add_main_nav"}}, {"model": "auth.permission", "pk": 30, "fields": {"name": "Can change main_nav", "content_type": 8, "codename": "change_main_nav"}}, {"model": "auth.permission", "pk": 31, "fields": {"name": "Can delete main_nav", "content_type": 8, "codename": "delete_main_nav"}}, {"model": "auth.permission", "pk": 32, "fields": {"name": "Can view main_nav", "content_type": 8, "codename": "view_main_nav"}}, {"model": "auth.permission", "pk": 33, "fields": {"name": "Can add team_roles", "content_type": 9, "codename": "add_team_roles"}}, {"model": "auth.permission", "pk": 34, "fields": {"name": "Can change team_roles", "content_type": 9, "codename": "change_team_roles"}}, {"model": "auth.permission", "pk": 35, "fields": {"name": "Can delete team_roles", "content_type": 9, "codename": "delete_team_roles"}}, {"model": "auth.permission", "pk": 36, "fields": {"name": "Can view team_roles", "content_type": 9, "codename": "view_team_roles"}}, {"model": "auth.permission", "pk": 37, "fields": {"name": "Can add team_member", "content_type": 10, "codename": "add_team_member"}}, {"model": "auth.permission", "pk": 38, "fields": {"name": "Can change team_member", "content_type": 10, "codename": "change_team_member"}}, {"model": "auth.permission", "pk": 39, "fields": {"name": "Can delete team_member", "content_type": 10, "codename": "delete_team_member"}}, {"model": "auth.permission", "pk": 40, "fields": {"name": "Can view team_member", "content_type": 10, "codename": "view_team_member"}}, {"model": "auth.permission", "pk": 41, "fields": {"name": "Can add page", "content_type": 11, "codename": "add_page"}}, {"model": "auth.permission", "pk": 42, "fields": {"name": "Can change page", "content_type": 11, "codename": "change_page"}}, {"model": "auth.permission", "pk": 43, "fields": {"name": "Can delete page", "content_type": 11, "codename": "delete_page"}}, {"model": "auth.permission", "pk": 44, "fields": {"name": "Can view page", "content_type": 11, "codename": "view_page"}}, {"model": "auth.permission", "pk": 45, "fields": {"name": "Can add projects", "content_type": 12, "codename": "add_projects"}}, {"model": "auth.permission", "pk": 46, "fields": {"name": "Can change projects", "content_type": 12, "codename": "change_projects"}}, {"model": "auth.permission", "pk": 47, "fields": {"name": "Can delete projects", "content_type": 12, "codename": "delete_projects"}}, {"model": "auth.permission", "pk": 48, "fields": {"name": "Can view projects", "content_type": 12, "codename": "view_projects"}}, {"model": "auth.permission", "pk": 49, "fields": {"name": "Can add sponsors", "content_type": 13, "codename": "add_sponsors"}}, {"model": "auth.permission", "pk": 50, "fields": {"name": "Can change sponsors", "content_type": 13, "codename": "change_sponsors"}}, {"model": "auth.permission", "pk": 51, "fields": {"name": "Can delete sponsors", "content_type": 13, "codename": "delete_sponsors"}}, {"model": "auth.permission", "pk": 52, "fields": {"name": "Can view sponsors", "content_type": 13, "codename": "view_sponsors"}}, {"model": "auth.permission", "pk": 53, "fields": {"name": "Can add news", "content_type": 14, "codename": "add_news"}}, {"model": "auth.permission", "pk": 54, "fields": {"name": "Can change news", "content_type": 14, "codename": "change_news"}}, {"model": "auth.permission", "pk": 55, "fields": {"name": "Can delete news", "content_type": 14, "codename": "delete_news"}}, {"model": "auth.permission", "pk": 56, "fields": {"name": "Can view news", "content_type": 14, "codename": "view_news"}}, {"model": "auth.permission", "pk": 57, "fields": {"name": "Can add image", "content_type": 15, "codename": "add_image"}}, {"model": "auth.permission", "pk": 58, "fields": {"name": "Can change image", "content_type": 15, "codename": "change_image"}}, {"model": "auth.permission", "pk": 59, "fields": {"name": "Can delete image", "content_type": 15, "codename": "delete_image"}}, {"model": "auth.permission", "pk": 60, "fields": {"name": "Can view image", "content_type": 15, "codename": "view_image"}}, {"model": "auth.permission", "pk": 61, "fields": {"name": "Can add student", "content_type": 16, "codename": "add_student"}}, {"model": "auth.permission", "pk": 62, "fields": {"name": "Can change student", "content_type": 16, "codename": "change_student"}}, {"model": "auth.permission", "pk": 63, "fields": {"name": "Can delete student", "content_type": 16, "codename": "delete_student"}}, {"model": "auth.permission", "pk": 64, "fields": {"name": "Can view student", "content_type": 16, "codename": "view_student"}}, {"model": "auth.permission", "pk": 65, "fields": {"name": "Can add course", "content_type": 17, "codename": "add_course"}}, {"model": "auth.permission", "pk": 66, "fields": {"name": "Can change course", "content_type": 17, "codename": "change_course"}}, {"model": "auth.permission", "pk": 67, "fields": {"name": "Can delete course", "content_type": 17, "codename": "delete_course"}}, {"model": "auth.permission", "pk": 68, "fields": {"name": "Can view course", "content_type": 17, "codename": "view_course"}}, {"model": "auth.permission", "pk": 69, "fields": {"name": "Can add level", "content_type": 18, "codename": "add_level"}}, {"model": "auth.permission", "pk": 70, "fields": {"name": "Can change level", "content_type": 18, "codename": "change_level"}}, {"model": "auth.permission", "pk": 71, "fields": {"name": "Can delete level", "content_type": 18, "codename": "delete_level"}}, {"model": "auth.permission", "pk": 72, "fields": {"name": "Can view level", "content_type": 18, "codename": "view_level"}}, {"model": "auth.permission", "pk": 73, "fields": {"name": "Can add topic", "content_type": 19, "codename": "add_topic"}}, {"model": "auth.permission", "pk": 74, "fields": {"name": "Can change topic", "content_type": 19, "codename": "change_topic"}}, {"model": "auth.permission", "pk": 75, "fields": {"name": "Can delete topic", "content_type": 19, "codename": "delete_topic"}}, {"model": "auth.permission", "pk": 76, "fields": {"name": "Can view topic", "content_type": 19, "codename": "view_topic"}}, {"model": "auth.permission", "pk": 77, "fields": {"name": "Can add content", "content_type": 20, "codename": "add_content"}}, {"model": "auth.permission", "pk": 78, "fields": {"name": "Can change content", "content_type": 20, "codename": "change_content"}}, {"model": "auth.permission", "pk": 79, "fields": {"name": "Can delete content", "content_type": 20, "codename": "delete_content"}}, {"model": "auth.permission", "pk": 80, "fields": {"name": "Can view content", "content_type": 20, "codename": "view_content"}}, {"model": "auth.permission", "pk": 81, "fields": {"name": "Can add watched content", "content_type": 21, "codename": "add_watchedcontent"}}, {"model": "auth.permission", "pk": 82, "fields": {"name": "Can change watched content", "content_type": 21, "codename": "change_watchedcontent"}}, {"model": "auth.permission", "pk": 83, "fields": {"name": "Can delete watched content", "content_type": 21, "codename": "delete_watchedcontent"}}, {"model": "auth.permission", "pk": 84, "fields": {"name": "Can view watched content", "content_type": 21, "codename": "view_watchedcontent"}}, {"model": "auth.permission", "pk": 85, "fields": {"name": "Can add Üye Başvurusu", "content_type": 22, "codename": "add_application"}}, {"model": "auth.permission", "pk": 86, "fields": {"name": "Can change Üye Başvurusu", "content_type": 22, "codename": "change_application"}}, {"model": "auth.permission", "pk": 87, "fields": {"name": "Can delete Üye Başvurusu", "content_type": 22, "codename": "delete_application"}}, {"model": "auth.permission", "pk": 88, "fields": {"name": "Can view Üye Başvurusu", "content_type": 22, "codename": "view_application"}}, {"model": "auth.user", "pk": 1, "fields": {"password": "pbkdf2_sha256$600000$VwvOBEmC43CCgj45HFiifx$T/c8COOvbDjD4kInJkYqmgjfXi5qIZYc3VssPfbCCIs=", "last_login": "2023-12-28T22:41:53.745Z", "is_superuser": true, "username": "admin", "first_name": "", "last_name": "", "email": "ozkanhuseyin@yandex.com.tr", "is_staff": true, "is_active": true, "date_joined": "2023-11-13T20:58:56.346Z", "groups": [], "user_permissions": []}}, {"model": "auth.user", "pk": 2, "fields": {"password": "pbkdf2_sha256$600000$6hqBmIJXIEOvj93qySz7Uv$q65c09vKtDMNarqu2ZrSBr0zi1uS+VuWIHrevI6ZqQA=", "last_login": "2023-12-28T15:32:06.652Z", "is_superuser": true, "username": "feritcem", "first_name": "Ferit Cem", "last_name": "ÖZBEK", "email": "feritcem81@hotmail.com", "is_staff": true, "is_active": true, "date_joined": "2023-11-21T06:04:09Z", "groups": [], "user_permissions": []}}, {"model": "auth.user", "pk": 3, "fields": {"password": "pbkdf2_sha256$600000$ptdWPkALhiyo1J6c0L9Sz6$UbqrHC7QRs9/qvEnQ898FwxR+Ieu6hQHVDbDuMMLbKU=", "last_login": null, "is_superuser": false, "username": "fulin", "first_name": "", "last_name": "", "email": "", "is_staff": true, "is_active": true, "date_joined": "2023-11-21T19:47:12Z", "groups": [], "user_permissions": []}}, {"model": "auth.user", "pk": 4, "fields": {"password": "pbkdf2_sha256$600000$lHMtPOls1DbHYVYEqUs8Hp$vPZiWL78lotOQN6frratEWlS3nNeMthYATDkNf018zA=", "last_login": "2023-12-14T17:35:52.565Z", "is_superuser": false, "username": "merve", "first_name": "", "last_name": "", "email": "", "is_staff": true, "is_active": true, "date_joined": "2023-11-21T19:48:53Z", "groups": [], "user_permissions": [25, 26, 27, 28, 57, 58, 59, 60, 29, 30, 31, 32, 53, 54, 55, 56, 41, 42, 43, 44, 45, 46, 47, 48, 49, 50, 51, 52, 37, 38, 39, 40, 33, 34, 35, 36]}}, {"model": "auth.user", "pk": 5, "fields": {"password": "pbkdf2_sha256$600000$zeyTOONYLslmEO8r0T3Z9s$e/nopSUfqu4IyjMfuAsE5qfKIHKkEfuNeCe7EPKzigE=", "last_login": null, "is_superuser": false, "username": "Ronis", "first_name": "", "last_name": "", "email": "kayikronya9@gmail.com", "is_staff": false, "is_active": true, "date_joined": "2023-11-28T19:01:22.234Z", "groups": [], "user_permissions": []}}, {"model": "auth.user", "pk": 6, "fields": {"password": "pbkdf2_sha256$600000$XiKZFlmQIbv53Eua9qV8q2$VDGUdT/vcVsjRfikqRuMUSbuFl9TMXOPWb36eKwy+Ww=", "last_login": null, "is_superuser": false, "username": "cemozkol", "first_name": "", "last_name": "", "email": "cemozkol@gmail.com", "is_staff": false, "is_active": true, "date_joined": "2023-11-28T19:01:41.852Z", "groups": [], "user_permissions": []}}, {"model": "auth.user", "pk": 8, "fields": {"password": "pbkdf2_sha256$600000$rlzJ0IuhlQGC0iOAa1gqga$Dq4mK5XqdywPk28rKszmIOF/HLPsDxtN7kosAJ2hu6Y=", "last_login": null, "is_superuser": false, "username": "Kaan", "first_name": "", "last_name": "", "email": "kaanfesli@gmail.com", "is_staff": false, "is_active": true, "date_joined": "2023-11-28T19:02:04.930Z", "groups": [], "user_permissions": []}}, {"model": "auth.user", "pk": 9, "fields": {"password": "pbkdf2_sha256$600000$4AwByCvqhXZ1cvIRLwqBJw$zjDLxjDg7vSVgJexhFiwDfyA4hKezBLE8XbdIrqrXXQ=", "last_login": null, "is_superuser": false, "username": "ecc", "first_name": "", "last_name": "", "email": "cevikecesu@gmail.com", "is_staff": false, "is_active": true, "date_joined": "2023-11-28T19:04:04.853Z", "groups": [], "user_permissions": []}}, {"model": "auth.user", "pk": 10, "fields": {"password": "pbkdf2_sha256$600000$G1WTQURpOH66L3VHzINNxn$LKoAi+dDX9N+uG/Xv6JT98ShJtboV2KuwpRBte2p4Hc=", "last_login": "2023-12-11T20:53:40.691Z", "is_superuser": false, "username": "oktem.can", "first_name": "", "last_name": "", "email": "cagrioktem2020@gmail.com", "is_staff": true, "is_active": true, "date_joined": "2023-11-28T19:04:29Z", "groups": [], "user_permissions": [25, 26, 27, 28, 57, 58, 59, 60, 29, 30, 31, 32, 53, 54, 55, 56, 41, 42, 43, 44, 45, 46, 47, 48, 49, 50, 51, 52, 61, 62, 63, 64, 37, 38, 39, 40, 33, 34, 35, 36]}}, {"model": "auth.user", "pk": 11, "fields": {"password": "pbkdf2_sha256$600000$DbPvTLyjcYZcfIpVONz9Ak$JyMkJMSN1h1ppzFcE+4CycJ/bQbFE6UaHRvY/4x3ibo=", "last_login": null, "is_superuser": false, "username": "Pırıl", "first_name": "", "last_name": "", "email": "nejdetardap@gmail.com", "is_staff": false, "is_active": true, "date_joined": "2023-11-28T19:06:55.416Z", "groups": [], "user_permissions": []}}, {"model": "auth.user", "pk": 12, "fields": {"password": "pbkdf2_sha256$600000$KiBZsF68amx5QCluu9z6p2$H5jB7BMwAOLAoLnw77uJ5OWW4BrIWNpxFXLYHLKWguk=", "last_login": null, "is_superuser": false, "username": "Selin", "first_name": "", "last_name": "", "email": "selinkocaturk90@gmail.com", "is_staff": false, "is_active": true, "date_joined": "2023-11-28T19:07:16.157Z", "groups": [], "user_permissions": []}}, {"model": "auth.user", "pk": 13, "fields": {"password": "pbkdf2_sha256$600000$NVzpG5Tg551sstD7UV6Voy$Fn9trfIusKcOwhLgRnOKBgTDQEgscXXXebC8RcnmTrc=", "last_login": null, "is_superuser": false, "username": "esekerci0207", "first_name": "", "last_name": "", "email": "e.sekerci0207@gmail.com", "is_staff": false, "is_active": true, "date_joined": "2023-11-28T19:07:19.964Z", "groups": [], "user_permissions": []}}, {"model": "auth.user", "pk": 14, "fields": {"password": "pbkdf2_sha256$600000$4U6fEz3HbRpkbelP3xTWjO$BzL01/m75a9ivJ2sDMgqNJAIbHIpgFR4myPGo6yO/9M=", "last_login": null, "is_superuser": false, "username": "MertAydogdu", "first_name": "", "last_name": "", "email": "mertaliaydogdu5@gmail.com", "is_staff": false, "is_active": true, "date_joined": "2023-11-28T19:12:19.918Z", "groups": [], "user_permissions": []}}, {"model": "auth.user", "pk": 15, "fields": {"password": "pbkdf2_sha256$600000$QRkfhCxTR8fF2tqtelqPpV$LOZDkkc1+OUv2KqXoxq0U0qfSCQgJaGmrgQwsvmZAtc=", "last_login": null, "is_superuser": false, "username": "elifirmak_zincir", "first_name": "", "last_name": "", "email": "elifirmakzincir@gmail.com", "is_staff": false, "is_active": true, "date_joined": "2023-11-28T19:15:18.513Z", "groups": [], "user_permissions": []}}, {"model": "auth.user", "pk": 16, "fields": {"password": "pbkdf2_sha256$600000$QplHqyFltVsd6hLpdAMqms$fDk0atrPQk24DVQTQ6dEanhT7gFXHhKnef5dhSzT4zs=", "last_login": null, "is_superuser": false, "username": "atestokhay", "first_name": "", "last_name": "", "email": "tokhays@gmail.com", "is_staff": false, "is_active": true, "date_joined": "2023-11-28T19:17:09.435Z", "groups": [], "user_permissions": []}}, {"model": "auth.user", "pk": 17, "fields": {"password": "pbkdf2_sha256$600000$0uJKqKbM3uXwA4ygUgFhCr$fC44sWQZY4c5cOlDuk/Rys3P5paX5BV9hj7tMxN3jQc=", "last_login": null, "is_superuser": false, "username": "eylul.denizgullu", "first_name": "", "last_name": "", "email": "eyluldenizgullu@gmail.com", "is_staff": false, "is_active": true, "date_joined": "2023-11-28T19:28:49.397Z", "groups": [], "user_permissions": []}}, {"model": "auth.user", "pk": 18, "fields": {"password": "pbkdf2_sha256$600000$spQAFteLCZBA3xNlRvb7VP$0LB5vUkiwhqD+g5hr19g8KLL7V1Aq6cFrE/8v5jOmGo=", "last_login": null, "is_superuser": false, "username": "senaguler", "first_name": "", "last_name": "", "email": "senaguler67@gmail.com", "is_staff": false, "is_active": true, "date_joined": "2023-11-28T20:09:51.348Z", "groups": [], "user_permissions": []}}, {"model": "auth.user", "pk": 19, "fields": {"password": "pbkdf2_sha256$600000$MrwfnPmKsG0bG50WKv2PW2$JVe63OuBps+aIuNX2tpL03j4Wz4OZUOcKT8FrdmpMwk=", "last_login": null, "is_superuser": false, "username": "emtt", "first_name": "", "last_name": "", "email": "enes.turkkan07@gmail.com", "is_staff": false, "is_active": true, "date_joined": "2023-11-29T12:49:21.508Z", "groups": [], "user_permissions": []}}, {"model": "auth.user", "pk": 20, "fields": {"password": "pbkdf2_sha256$600000$mMutuVT917GVMxFr5PhHGp$hJB+rXDYq4naAhC7jVtG+bCOZJXbSL+tsGSPvUsajFI=", "last_login": null, "is_superuser": false, "username": "Bahar83Ertekin5.", "first_name": "", "last_name": "", "email": "bahar.ertekin8@gmail.com", "is_staff": false, "is_active": true, "date_joined": "2023-11-29T18:26:17.860Z", "groups": [], "user_permissions": []}}, {"model": "auth.user", "pk": 21, "fields": {"password": "pbkdf2_sha256$600000$n1dI1e2h8z1o86dODg62wY$3fuTPFjnd3hZr6H2DzLHJa4PCOSG4j8KeI/C0S0/2OE=", "last_login": null, "is_superuser": false, "username": "Kuday", "first_name": "", "last_name": "", "email": "kudaybakitosun@gmail.com", "is_staff": false, "is_active": true, "date_joined": "2023-12-07T19:23:15.854Z", "groups": [], "user_permissions": []}}, {"model": "contenttypes.contenttype", "pk": 1, "fields": {"app_label": "admin", "model": "logentry"}}, {"model": "contenttypes.contenttype", "pk": 2, "fields": {"app_label": "auth", "model": "permission"}}, {"model": "contenttypes.contenttype", "pk": 3, "fields": {"app_label": "auth", "model": "group"}}, {"model": "contenttypes.contenttype", "pk": 4, "fields": {"app_label": "auth", "model": "user"}}, {"model": "contenttypes.contenttype", "pk": 5, "fields": {"app_label": "contenttypes", "model": "contenttype"}}, {"model": "contenttypes.contenttype", "pk": 6, "fields": {"app_label": "sessions", "model": "session"}}, {"model": "contenttypes.contenttype", "pk": 7, "fields": {"app_label": "lf_web", "model": "contact_form"}}, {"model": "contenttypes.contenttype", "pk": 8, "fields": {"app_label": "lf_web", "model": "main_nav"}}, {"model": "contenttypes.contenttype", "pk": 9, "fields": {"app_label": "lf_web", "model": "team_roles"}}, {"model": "contenttypes.contenttype", "pk": 10, "fields": {"app_label": "lf_web", "model": "team_member"}}, {"model": "contenttypes.contenttype", "pk": 11, "fields": {"app_label": "lf_web", "model": "page"}}, {"model": "contenttypes.contenttype", "pk": 12, "fields": {"app_label": "lf_web", "model": "projects"}}, {"model": "contenttypes.contenttype", "pk": 13, "fields": {"app_label": "lf_web", "model": "sponsors"}}, {"model": "contenttypes.contenttype", "pk": 14, "fields": {"app_label": "lf_web", "model": "news"}}, {"model": "contenttypes.contenttype", "pk": 15, "fields": {"app_label": "lf_web", "model": "image"}}, {"model": "contenttypes.contenttype", "pk": 16, "fields": {"app_label": "lf_web", "model": "student"}}, {"model": "contenttypes.contenttype", "pk": 17, "fields": {"app_label": "Academy", "model": "course"}}, {"model": "contenttypes.contenttype", "pk": 18, "fields": {"app_label": "Academy", "model": "level"}}, {"model": "contenttypes.contenttype", "pk": 19, "fields": {"app_label": "Academy", "model": "topic"}}, {"model": "contenttypes.contenttype", "pk": 20, "fields": {"app_label": "Academy", "model": "content"}}, {"model": "contenttypes.contenttype", "pk": 21, "fields": {"app_label": "Academy", "model": "watchedcontent"}}, {"model": "contenttypes.contenttype", "pk": 22, "fields": {"app_label": "lf_web", "model": "application"}}, {"model": "sessions.session", "pk": "5btmh4jcl0vagekxk75hnuf4080gmx8z", "fields": {"session_data": ".eJxVjEEOwiAQRe_C2hBmGKG6dN8zEBhAqgaS0q6Md7dNutDte-__t3B-XYpbe5rdFMVVgDj9suD5meou4sPXe5Pc6jJPQe6JPGyXY4vpdTvav4Pie9nW7NEOl7PhoMnmbAgIrKaQYQA0oJCsT4xJocINsmYVtLGYIUIiJPH5AsHlNvA:1rDW1X:azLySPMQPp7dbooaokAo2BHiM7KGdU6uZG_yiJF_7-k", "expire_date": "2023-12-27T20:40:07.551Z"}}, {"model": "sessions.session", "pk": "g63b9sa5yu09lsgks7hnn61wca4hwjb9", "fields": {"session_data": ".eJxVjEEOwiAQRe_C2hBmGKG6dN8zEBhAqgaS0q6Md7dNutDte-__t3B-XYpbe5rdFMVVgDj9suD5meou4sPXe5Pc6jJPQe6JPGyXY4vpdTvav4Pie9nW7NEOl7PhoMnmbAgIrKaQYQA0oJCsT4xJocINsmYVtLGYIUIiJPH5AsHlNvA:1rEEgp:35-3YOEVBAzpCFwGhY3KKlGrbIeDWamHtz0Eu6B5wWI", "expire_date": "2023-12-29T20:21:43.619Z"}}, {"model": "sessions.session", "pk": "hiea2tjlrllmq6vivqalhw87amhez4n0", "fields": {"session_data": ".eJxVjEEOwiAQAP_C2RCg7QIevfcNZGEXqRqalPZk_Lsh6UGvM5N5i4DHXsLReAsLiavQSlx-YcT05NoNPbDeV5nWum9LlD2Rp21yXolft7P9GxRspX-tV5gIIOcJSJGOzEmraQSHhqynrJ3RY4qamcEBWxONIxg8KpWHKD5fFSE4Xw:1rCnHY:RQqe_z-CZAFdym7uZynb3lnRI50PUzBxd1_8gXmwVLE", "expire_date": "2023-12-25T20:53:40.693Z"}}, {"model": "sessions.session", "pk": "kppv7tjhyeooo4j6sfoz3q35i3tor28f", "fields": {"session_data": ".eJxVjEEOwiAQRe_C2hAoA4JL9z0DmWFAqoYmpV0Z765NutDtf-_9l4i4rTVuPS9xYnERIE6_G2F65LYDvmO7zTLNbV0mkrsiD9rlOHN-Xg_376Bir9_aWUvZmeQ0IRqLpEogzUEPSXNR2jFYPpvgvTJ-UN4QEICloqCoYkC8P-CAN2A:1r6BcT:FcOw8CT9PVUtodsf6y__TIKqXQJ6mvgl34ucss606RY", "expire_date": "2023-12-07T15:27:57.226Z"}}, {"model": "sessions.session", "pk": "p1j68ciqljfflm9jb3xcvyijbmev3cyv", "fields": {"session_data": ".eJxVjEsOwiAUAO_C2hDKH5fuewbyHjykamhS2pXx7oakC93OTObNIhx7jUenLS6ZXZlkl1-GkJ7UhsgPaPeVp7Xt24J8JPy0nc9rptftbP8GFXod2yA9OZNNkZJ0UAGEMs4mrwKhFhbSJBzCpLy1loz3JhXQGbCgUTkI9vkCwxg3gQ:1rAl92:3OrFSaqzLT4y4CZKpxE5SdMP1yfh6HBGgAs_K0DQNNw", "expire_date": "2023-12-20T06:12:28.403Z"}}, {"model": "sessions.session", "pk": "pit7kynsu5jtrroq2a2r29ozhobeu68y", "fields": {"session_data": ".eJxVjEEOwiAQRe_C2pApBSZ16d4zkIEZpGogKe3KeHdt0oVu_3vvv1SgbS1h67KEmdVZWXX63SKlh9Qd8J3qrenU6rrMUe-KPmjX18byvBzu30GhXr41ekJOHsFnK47EAkoGQ-yAjaCJPGWkaIm8gHMeB4fjCCRZZLBTVu8P9mE4Yw:1r7Iaf:g8efKTQE6qBm7xXT-tTQpkCPlq2ShtPfJjVR670xWVQ", "expire_date": "2023-12-10T17:06:41.960Z"}}, {"model": "sessions.session", "pk": "svltj3q20a2er5tjobusoo8qeaipaaxu", "fields": {"session_data": ".eJxVjEEOwiAQRe_C2hCgpQMu3XsGMsNMpWpoUtqV8e7apAvd_vfef6mE21rS1mRJE6uzsur0uxHmh9Qd8B3rbdZ5rusykd4VfdCmrzPL83K4fwcFW_nWPQfjyQhZdEyBebQAjOAI2aBQcJAjxjFDIMPRgh2idIP1sevRM6r3BwnVOIw:1r2e1n:rzXQwgRpJlmpiJwaRtc3o97CDbicMU2qjTxvUor29xc", "expire_date": "2023-11-27T20:59:27.640Z"}}, {"model": "sessions.session", "pk": "t9ud9xy3ul3ax2buv23tgldt2p59m1aa", "fields": {"session_data": ".eJxVjEsOwiAUAO_C2hDKH5fuewbyHjykamhS2pXx7oakC93OTObNIhx7jUenLS6ZXZlkl1-GkJ7UhsgPaPeVp7Xt24J8JPy0nc9rptftbP8GFXod2yA9OZNNkZJ0UAGEMs4mrwKhFhbSJBzCpLy1loz3JhXQGbCgUTkI9vkCwxg3gQ:1r8bWB:qXxvINLJ5QDqJC6uNpKJeTWZiU4WwgrhDfFf62i8Vow", "expire_date": "2023-12-14T07:31:27.818Z"}}, {"model": "sessions.session", "pk": "tapivb6mqt8sz9x0cvyqcd9m950xxle4", "fields": {"session_data": ".eJxVjEEOwiAQRe_C2pDO2BZw6d4zkBlgpGpoUtqV8e6WpAvd_vfefytP25r9VtPip6guCtXpd2MKz1QaiA8q91mHuazLxLop-qBV3-aYXtfD_TvIVHOrMQo4QDOa3qJYARwSAZ5FuoElutEyBxEm45LpiG0AkN7twe6jUZ8v6bo35A:1r5JwB:8hq3HCXPDjhK1g8EYn_ZZvkpEuT-txD9-iSu7htZL1M", "expire_date": "2023-12-05T06:08:43.448Z"}}, {"model": "sessions.session", "pk": "vjlzmra2aky3qeupig8zb998ljm2c32a", "fields": {"session_data": ".eJxVjEsOwiAUAO_C2hDKH5fuewbyHjykamhS2pXx7oakC93OTObNIhx7jUenLS6ZXZlkl1-GkJ7UhsgPaPeVp7Xt24J8JPy0nc9rptftbP8GFXod2yA9OZNNkZJ0UAGEMs4mrwKhFhbSJBzCpLy1loz3JhXQGbCgUTkI9vkCwxg3gQ:1rIsMg:jJ-cr-8iM9NCNm0Nvsa02rB0svfuZnkv_FRmcp5Vq9I", "expire_date": "2024-01-11T15:32:06.655Z"}}, {"model": "sessions.session", "pk": "xgygn4kyvi1e49nesoo9qhc6s0odvywb", "fields": {"session_data": ".eJxVjEEOwiAQRe_C2pDO2BZw6d4zkBlgpGpoUtqV8e6WpAvd_vfefytP25r9VtPip6guCtXpd2MKz1QaiA8q91mHuazLxLop-qBV3-aYXtfD_TvIVHOrMQo4QDOa3qJYARwSAZ5FuoElutEyBxEm45LpiG0AkN7twe6jUZ8v6bo35A:1r5Jtj:bWaJ2T78QFNYMCk3pBeHrwKh4mmaWgrV9JfvtaKwKJE", "expire_date": "2023-12-05T06:06:11.046Z"}}, {"model": "sessions.session", "pk": "xixifs48f0d50u5rgaq5qg4fka9g9012", "fields": {"session_data": ".eJxVjEEOwiAQRe_C2hBmGKG6dN8zEBhAqgaS0q6Md7dNutDte-__t3B-XYpbe5rdFMVVgDj9suD5meou4sPXe5Pc6jJPQe6JPGyXY4vpdTvav4Pie9nW7NEOl7PhoMnmbAgIrKaQYQA0oJCsT4xJocINsmYVtLGYIUIiJPH5AsHlNvA:1r7IVp:nTIIetCyAxp9-wBqZM1F8lj-7p3jTZ-dH1_CHAEwAAw", "expire_date": "2023-12-10T17:01:41.625Z"}}, {"model": "sessions.session", "pk": "xrti2ll5gqyz650d4csg321udrxmd6mt", "fields": {"session_data": ".eJxVjEEOwiAQRe_C2pApBSZ16d4zkIEZpGogKe3KeHdt0oVu_3vvv1SgbS1h67KEmdVZWXX63SKlh9Qd8J3qrenU6rrMUe-KPmjX18byvBzu30GhXr41ekJOHsFnK47EAkoGQ-yAjaCJPGWkaIm8gHMeB4fjCCRZZLBTVu8P9mE4Yw:1rDpcm:vghCxmMnl6Lw5tWHR-M0AX-Fh9UBMRSQb7DU76AbFA8", "expire_date": "2023-12-28T17:35:52.568Z"}}, {"model": "sessions.session", "pk": "zxduikexck49x461xhfk0nb793de98va", "fields": {"session_data": ".eJxVjEEOwiAQRe_C2pApBSZ16d4zkIEZpGogKe3KeHdt0oVu_3vvv1SgbS1h67KEmdVZWXX63SKlh9Qd8J3qrenU6rrMUe-KPmjX18byvBzu30GhXr41ekJOHsFnK47EAkoGQ-yAjaCJPGWkaIm8gHMeB4fjCCRZZLBTVu8P9mE4Yw:1r7zvX:TZyXImKPqHh-_ulpSxOnrWlS6iY806Q2anEsQpN4AX8", "expire_date": "2023-12-12T15:23:07.084Z"}}, {"model": "lf_web.main_nav", "pk": 1, "fields": {"title": "Ana Sayfa", "href": "hakkimizda", "target": "", "btnType": "", "level": 1, "is_active": true}}, {"model": "lf_web.main_nav", "pk": 2, "fields": {"title": "First", "href": "first", "target": "", "btnType": "", "level": 2, "is_active": true}}, {"model": "lf_web.main_nav", "pk": 3, "fields": {"title": "FRC Nedir?", "href": "frcnedir", "target": "", "btnType": "", "level": 3, "is_active": true}}, {"model": "lf_web.main_nav", "pk": 4, "fields": {"title": "Sponsorlarımız", "href": "sponsorlarimiz", "target": "", "btnType": "", "level": 4, "is_active": true}}, {"model": "lf_web.main_nav", "pk": 5, "fields": {"title": "Projelerimiz", "href": "projelerimiz", "target": "", "btnType": "", "level": 6, "is_active": true}}, {"model": "lf_web.main_nav", "pk": 6, "fields": {"title": "Takım", "href": "takim", "target": "", "btnType": "", "level": 7, "is_active": false}}, {"model": "lf_web.main_nav", "pk": 7, "fields": {"title": "İletişim", "href": "iletisim", "target": "", "btnType": "", "level": 9, "is_active": true}}, {"model": "lf_web.main_nav", "pk": 8, "fields": {"title": "Akademi", "href": "academy/", "target": "", "btnType": "button", "level": 12, "is_active": true}}, {"model": "lf_web.main_nav", "pk": 9, "fields": {"title": "Haberler", "href": "haberler", "target": "", "btnType": "", "level": 5, "is_active": true}}, {"model": "lf_web.page", "pk": 1, "fields": {"title": "First", "caller": 2, "content": "<div class=\"row gx-5 align-items-center\">\r\n                    <div class=\"col-lg-6 order-lg-2\">\r\n                        <div class=\"p-5\"><img class=\"img-fluid\" src=\"static/assets/images/first.png\" alt=\"...\"></div>\r\n                    </div>\r\n                    <div class=\"col-lg-6 order-lg-1\">\r\n                        <div class=\"p-5\">\r\n                            <p>FIRST, 1989 yılında gençlerin bilime ve teknolojiye olan ilgilerini canlandırmak amacıyla kurulmuştur. Öğrencilere ulaşılabilir ve inovatif programlar sunarak bilim, mühendislik, teknoloji ve matematik alanlarında bir eğitim ve kariyer hedeflemelerine ilham verirken, özgüven ve hayat becerilerini de geliştirmeyi hedeflemektedir.</p>\r\n                            <p>Misyonu, gençleri heyecanlandıran, mentorların rehberliğinde bilim sınırlarını ve teknoloji becerilerini geliştiren, yenilikçilik ruhunu teşvik eden ve liderlik ile iletişim gibi hayata dahil olan programların bir parçası haline getirerek, teknoloji ve alanında liderler olmaları için ilham vermektir.</p>\r\n                            <p>FIRST, Robot yapmaktan çok daha fazlasını sunar. FIRST Tech Challenge ekipleri, ittifak formatında bir mücadelede rekabet etmek üzere tasarım, inşa, programlama ve çalıştırma becerilerini kullanarak robotlar geliştirir. Öğrenciler, yetişkin koçlar ve akıl hocaları eşliğinde STEM becerilerini geliştirirken aynı zamanda sıkı çalışmanın, yeniliğin ve takım çalışmasının değerini keşfederler. Mühendislik ilkelerini uygulayarak gerçek dünyadaki zorluklarla başa çıkmayı öğrenirler.</p>\r\n                            <p>FIRST, geleceğin bilim insanları, mühendisleri ve teknoloji liderleri için bir platformdur. Gençleri cesaretlendirir, yaratıcılıklarını ortaya çıkarmalarına yardımcı olur ve onları karşılaşacakları sorunları çözebilen, işbirliği yapabilen ve inovasyonu teşvik eden bireyler olarak yetiştirir.</p>\r\n                        </div>\r\n                    </div>\r\n                </div>", "is_active": true, "publish_date": "2023-11-14"}}, {"model": "lf_web.page", "pk": 2, "fields": {"title": "FRC Nedir?", "caller": 3, "content": "<div class=\"row gx-5 align-items-center\">\r\n            <div class=\"col-lg-6 order-lg-2\">\r\n                <div class=\"p-5\"><img class=\"img-fluid rounded-circle\" src=\"static/assets/images/frclogo.jpeg\" alt=\"...\"></div>\r\n            </div>\r\n            <div class=\"col-lg-6 order-lg-1\">\r\n                <div class=\"p-5\">\r\n                    <p>Her yıl düzenlenen uluslararası bir robot turnuvası olan FIRST Robotics Competition, 15-18 yaş arası lise öğrencilerine yöneliktir. Takımlar, Ocak ayında duyurulan bir tema çerçevesinde belirlenen görevleri yerine getirebilen robotlar inşa etme hedefiyle yola çıkarlar.</p>\r\n                    <p>Bu program, öğrencilere gerçek mühendislik deneyimini yaşatmayı amaçlarken, aynı zamanda öğretmenler, aileler ve mühendislerle işbirliği yapabilecekleri bir platform sunar.</p>\r\n                    <p>\"More than Robot\" (Robot'dan daha fazlası) sloganıyla ortaya çıkan FIRST Robotics Competition, takımlarda farklı alanlarda çalışabilecek öğrencilerin bir arada olmasını gerektirir. Takımlar, sponsorluk, tasarım, sosyal medya yönetimi, elektronik, programlama ve mekanik gibi ekipleri oluşturarak profesyonel bir işletme gibi faaliyet gösterebilme imkânı bulurlar. Bu program, çeşitli alanlarda uzmanlaşmak isteyen gençlerin bir araya gelmesini ve belirlenen süre içinde ortak bir çalışma yürütmelerini sağlar.</p>\r\n                    <p>FIRST Robotics Competition, sadece bir robot yarışması değildir. Katılımcılar, yaratıcılıklarını sergilemenin yanı sıra takım ruhunu ve işbirliğini geliştirirler. Bu deneyim, gençleri sadece teknik becerilerini değil, aynı zamanda liderlik, iletişim ve problem çözme gibi hayati yetenekleri geliştirme fırsatı sunar.</p>\r\n                    <p>FIRST Robotics Competition, geleceğin mühendisleri ve teknoloji liderlerini yetiştiren bir platformdur. Gençler, ekip çalışmasının gücünü keşfederken aynı zamanda STEM (Bilim, Teknoloji, Mühendislik ve Matematik) becerilerini geliştirirler. Bu program, gençlerin bilim ve teknoloji alanındaki ilgilerini arttırırken aynı zamanda kendi potansiyellerini keşfetmelerine ve gelecekteki kariyerlerine yön vermelerine yardımcı olur.</p>\r\n                </div>\r\n            </div>\r\n        </div>", "is_active": true, "publish_date": "2023-11-14"}}, {"model": "lf_web.page", "pk": 3, "fields": {"title": "Hakkımızda", "caller": 1, "content": "<div class=\"container px-5\">\r\n        <div class=\"row gx-5 align-items-center\">\r\n            <div class=\"col-lg-6 order-lg-2\">\r\n                <div class=\"p-5\"><img class=\"img-fluid\" src=\"static/assets/images/main/01.jpg\" alt=\"...\"></div>\r\n            </div>\r\n            <div class=\"col-lg-6 order-lg-1\">\r\n                <div class=\"p-5\">\r\n                    <h2 class=\"display-4\">8056 Laissez Faire</h2>\r\n                    <p>Biz, 8056 Laissez Faire, herhangi bir kuruma bağlı olmaksızın farklı okullardan gelen\r\n                        öğrencilerden oluşan bir takımız. Oluşturduğumuz şirket sistemiyle FRC turnuvalarında 2019\r\n                        yılından beri yer almaktayız. Takımımız, hazırlık sürecinde sponsorluk, tasarım, sosyal medya\r\n                        yönetimi, elektronik, programlama ve mekanik gibi ekiplere ayrılarak profesyonel bir işletme\r\n                        gibi hareket etmektedir.</p>\r\n                </div>\r\n            </div>\r\n        </div>\r\n    </div>\r\n\r\n\r\n<div class=\"container px-5\">\r\n        <div class=\"row gx-5 align-items-center\">\r\n            <div class=\"col-lg-6\">\r\n                <div class=\"p-5\"><img class=\"img-fluid\" src=\"static/assets/images/main/02.jpg\" alt=\"...\"></div>\r\n            </div>\r\n            <div class=\"col-lg-6\">\r\n                <div class=\"p-5\">\r\n                    <h2 class=\"display-4\">Özgürlük ve bağımsızlık</h2>\r\n                    <p>FRC ve takım ruhumuz, \"Bırakınız yapsınlar\" mottosuyla özgürlük ve anlayışa dayanmaktadır. Bu\r\n                        motto, sadece bir spor etkinliği değil, aynı zamanda bir tutku ve özveri kaynağıdır. Ekip olarak\r\n                        inancımız, her bireyin yeteneklerini ortaya çıkarabileceği ve kendi vizyonlarını\r\n                        gerçekleştirebileceği bir ortam yaratmaktır.</p>\r\n                    <p>Takımımızın mottosu ulu önderimiz Gazi Mustafa Kemal Atatürk'ün \"Özgürlük ve bağımsızlık benim\r\n                        karakterimdir.\" sözünden ilham alınarak oluşturulmuştur.</p>\r\n                </div>\r\n            </div>\r\n        </div>\r\n    </div>\r\n\r\n\r\n<div class=\"container px-5\">\r\n        <div class=\"row gx-5 align-items-center\">\r\n            <div class=\"col-lg-6 order-lg-2\">\r\n                <div class=\"p-5\"><img class=\"img-fluid\" src=\"static/assets/images/main/03.jpg\" alt=\"...\"></div>\r\n            </div>\r\n            <div class=\"col-lg-6 order-lg-1\">\r\n                <div class=\"p-5\">\r\n                    <h2 class=\"display-4\">Bırakınız Yapsınlar!</h2>\r\n                    <p>Biz, 8056 Laissez Faire olarak, sınırları zorlayan bir takımız. Yaratıcılık, yenilikçilik ve\r\n                        takım çalışmasını birleştirerek geleceğin liderleri olarak dikkat çekmekteyiz. Amacımız, STEM\r\n                        alanındaki potansiyeli açığa çıkarmak ve geleceğin teknolojilerini şekillendiren bireyler olarak\r\n                        topluma katkı sağlamaktır.</p>\r\n                </div>\r\n            </div>\r\n        </div>\r\n    </div>", "is_active": true, "publish_date": "2023-11-17"}}, {"model": "lf_web.contact_form", "pk": 1, "fields": {"fullName": "Hüseyin ÖZKAN", "eposta": "caglanlee@gmail.com", "message": "Denemeler bu bir deneme e-postasıdır.", "isRead": false}}, {"model": "lf_web.student", "pk": 1, "fields": {"user": 5, "phone_number": "+905337214899", "birth_date": "2007-05-05", "school_name": "Bornova Anadolu Lisesi", "gender": "female", "parent_first_name": "Turan", "parent_last_name": "Kayık", "parent_email": "biosbilgisayar@gmail.com", "parent_phone_number": "+905336270030", "parent_relationship": "father"}}, {"model": "lf_web.student", "pk": 2, "fields": {"user": 6, "phone_number": "+905301403577", "birth_date": "2005-11-29", "school_name": "TAKEV Anadolu Lisesi", "gender": "male", "parent_first_name": "Onur", "parent_last_name": "Özkol", "parent_email": "onurozkol@gmail.com", "parent_phone_number": "+905327874067", "parent_relationship": "father"}}, {"model": "lf_web.student", "pk": 3, "fields": {"user": 8, "phone_number": "+905070009134", "birth_date": "2007-01-21", "school_name": "Takev Fen Lisesi", "gender": "male", "parent_first_name": "Mehmet Yücel", "parent_last_name": "Fesli", "parent_email": "myfesli@gmail.com", "parent_phone_number": "+905322678323", "parent_relationship": "mother"}}, {"model": "lf_web.student", "pk": 4, "fields": {"user": 9, "phone_number": "+905511824024", "birth_date": "2007-01-06", "school_name": "Cengiz Topel Anadolu Lisesi", "gender": "female", "parent_first_name": "Sefa", "parent_last_name": "Çevik", "parent_email": "sefademirelcevik@gmail.com", "parent_phone_number": "+905432867014", "parent_relationship": "mother"}}, {"model": "lf_web.student", "pk": 5, "fields": {"user": 10, "phone_number": "+905305076476", "birth_date": "2009-01-20", "school_name": "Takev Anadolu ve Fen Lisesi", "gender": "male", "parent_first_name": "İva", "parent_last_name": "Öktem", "parent_email": "oktemiva@mail.ru", "parent_phone_number": "+905050538520", "parent_relationship": "mother"}}, {"model": "lf_web.student", "pk": 6, "fields": {"user": 11, "phone_number": "+905059937911", "birth_date": "2006-08-15", "school_name": "Özel İzmir Atatürk Organize Sanayi Bölgesi Nedim Uysal Mesleki Ve Teknik Anadolu Lisesi", "gender": "male", "parent_first_name": "Gonca", "parent_last_name": "PIRNAL", "parent_email": "alper200806@gmail.com", "parent_phone_number": "+905052348034", "parent_relationship": "mother"}}, {"model": "lf_web.student", "pk": 7, "fields": {"user": 12, "phone_number": "+905369977844", "birth_date": "2007-10-26", "school_name": "Takev Anadolu Lisesi", "gender": "female", "parent_first_name": "Özlem", "parent_last_name": "Kocatürk", "parent_email": "ozlemoget2002@yahoo.com", "parent_phone_number": "+905367730400", "parent_relationship": "mother"}}, {"model": "lf_web.student", "pk": 8, "fields": {"user": 13, "phone_number": "+905388532002", "birth_date": "2008-07-02", "school_name": "Robert Kolej", "gender": "female", "parent_first_name": "Rabia", "parent_last_name": "Şekerci", "parent_email": "hakanrabiasekerci@gmail.com", "parent_phone_number": "+905336273701", "parent_relationship": "mother"}}, {"model": "lf_web.student", "pk": 9, "fields": {"user": 14, "phone_number": "+905522589060", "birth_date": "2007-03-09", "school_name": "Radikal Anadolu Lisesi", "gender": "male", "parent_first_name": "Muhammet", "parent_last_name": "Aydoğdu", "parent_email": "muhammetaydogdu@gmail.com", "parent_phone_number": "+905326626172", "parent_relationship": "father"}}, {"model": "lf_web.student", "pk": 10, "fields": {"user": 15, "phone_number": "+905312385246", "birth_date": "2007-06-05", "school_name": "Bornova Anadolu Lisesi", "gender": "female", "parent_first_name": "Özgür", "parent_last_name": "Zincir", "parent_email": "ozgrzncr46@gmail.com", "parent_phone_number": "+905055064474", "parent_relationship": "father"}}, {"model": "lf_web.student", "pk": 11, "fields": {"user": 16, "phone_number": "+905372548545", "birth_date": "2008-02-04", "school_name": "Güzelbahçe 60. Yıl Anadolu Lisesi", "gender": "male", "parent_first_name": "Yağmur", "parent_last_name": "Özgirgin", "parent_email": "yagmur6@gmail.com", "parent_phone_number": "+905523033545", "parent_relationship": "mother"}}, {"model": "lf_web.student", "pk": 12, "fields": {"user": 17, "phone_number": "+905448928777", "birth_date": "2009-06-16", "school_name": "Takev Fen Lisesi", "gender": "female", "parent_first_name": "Nurten", "parent_last_name": "Kirezci", "parent_email": "nurtenkirezci@hotmail.com", "parent_phone_number": "+905057194297", "parent_relationship": "mother"}}, {"model": "lf_web.student", "pk": 13, "fields": {"user": 18, "phone_number": "+905399570112", "birth_date": "2007-08-17", "school_name": "Eskişehir Atatürk Lisesi", "gender": "female", "parent_first_name": "Ayhan", "parent_last_name": "Güler", "parent_email": "aguler33@hotmail.com", "parent_phone_number": "+905057570112", "parent_relationship": "father"}}, {"model": "lf_web.student", "pk": 14, "fields": {"user": 19, "phone_number": "+905531751949", "birth_date": "2007-09-19", "school_name": "Takev fen lisesi", "gender": "male", "parent_first_name": "Murat", "parent_last_name": "Türkkan", "parent_email": "murat@fmi.com.tr", "parent_phone_number": "+905322251949", "parent_relationship": "father"}}, {"model": "lf_web.student", "pk": 15, "fields": {"user": 20, "phone_number": "+905525183542", "birth_date": "2009-06-15", "school_name": "TAKEV lise", "gender": "female", "parent_first_name": "Aysen", "parent_last_name": "Ertekin", "parent_email": "aysen_ertekin@hotmail.com", "parent_phone_number": "+905057801586", "parent_relationship": "mother"}}, {"model": "lf_web.student", "pk": 16, "fields": {"user": 21, "phone_number": "+905326969496", "birth_date": "2005-08-25", "school_name": "Takev Fen Lisesi", "gender": "male", "parent_first_name": "", "parent_last_name": "", "parent_email": "", "parent_phone_number": "", "parent_relationship": "mother"}}, {"model": "lf_web.projects", "pk": 2, "fields": {"header": "FIRST Programları Gönüllüğü", "body": "Bu sene düzenlenen FLL (FIRST Lego League) turnuvalarında ve WRO turnuvasında gönüllü olduk.", "t_image": "static/assets/uploads/first.jpeg", "image_1": "static/assets/uploads/first_alt1.jpeg", "image_2": "", "btn": "", "href": ""}}, {"model": "lf_web.projects", "pk": 3, "fields": {"header": "Devlet Okulu FLL Takımına Destek", "body": "Teknik ve proje açısından eksikleri olan devlet okulu olan 30 Ağustos Ortaokulu FLL (FIRST Lego League) takımı Robokod Kozmos'a destek verdik.", "t_image": "static/assets/uploads/fll_alt1_W8QmNNB.jpeg", "image_1": "static/assets/uploads/fll_alt2_4nejVM9.jpeg", "image_2": "", "btn": "", "href": ""}}, {"model": "lf_web.sponsors", "pk": 1, "fields": {"queue": 1, "title": "AERO RÜZGAR ENERJİ", "image": "static/assets/uploads/sponsors/AERO-Ruzgar-Logo-Vektor-jpg-1024x399.jpg", "desc": "Almanya’nın en büyük rüzgâr türbini üreticisi olan ENERCON şirketinin bir alt şirketidir. 2013 yılı sonu itibari ile ENERCON olarak %27,26 pazar payı ile Türkiye’de lider konumdadır.  ENERCON ise 2013 yılı sonu itibari ile 33.211 MW kurulu güç ile dünyada %10,5’lik bir pazar payına sahiptir.", "year": "2023-01-01"}}, {"model": "lf_web.sponsors", "pk": 2, "fields": {"queue": 1, "title": "BOEING", "image": "static/assets/uploads/sponsors/Boeing_full_logo_variant.svg.png", "desc": "The Boeing Company, dünya çapında başta uçak, helikopter, roket, uydu, telekomünikasyon ekipmanları ve füzeler tasarlayan ve üreten çok uluslu bir Amerikan havacılık şirketidir. William Boeing tarafından 1916 yılında ABD'nin Washington eyaletinde kurulmuştur. Uluslararası Merkezi Chicago'dadır.", "year": "2023-01-01"}}, {"model": "lf_web.sponsors", "pk": 3, "fields": {"queue": 1, "title": "Hugo BOSS", "image": "static/assets/uploads/sponsors/hugoboss.png", "desc": "Hugo Boss AG, erkek ve kadın giyim konusunda uzmanlaşmış, Almanya'nın Baden-Württemberg eyaletinde yer alan Metzingen kasabası merkezli halka açık hazır giyim üreticisidir. İsmini, kurucusu olduğu moda tasarımcısı Hugo Boss'dan almıştır. Hugo Boss'un şu anda 110 ülkede en az 6100 satış noktası vardır.", "year": "2023-01-01"}}, {"model": "lf_web.sponsors", "pk": 4, "fields": {"queue": 6, "title": "FMI Gıda & Kimya", "image": "static/assets/uploads/sponsors/fmiLogoKare_gb.png", "desc": "Firmamız, güçlü teknik alt yapısı sayesinde standart ve yüksek kalitedeki fonksiyonel gıda katkı maddelerini sektöre sunarak hizmet vermektedir.\r\n\r\n15 yıl üzerindeki bilgi birikim, uzmanlık ve tecrübesini verdiği hizmetlerine yansıtan firmamız, paydaşlarına çözüm ortağı olmaktadır.\r\n\r\nFirmamız; eşsiz formülasyon ve uygulama desteği, portföyüne eklediği yenilikçi ürünleri , hızlı lojistik ve konularında uzman Teknik&Satış kadrosu ile sektörün öncülerindendir.\r\n\r\nGeçmişin tecrübesini arkamıza alarak geleceğe sağlam adımlarla ilerliyoruz.", "year": "2023-01-01"}}, {"model": "lf_web.sponsors", "pk": 5, "fields": {"queue": 4, "title": "Gezvesaire", "image": "static/assets/uploads/sponsors/gvs_nOR9bDz.jpg", "desc": "Gezilecek yerler, lezzetler ve deneyimlerimizi eğlenceli paylaşıyoruz. Yazılarımız Tempo Travel’da", "year": "2023-01-01"}}, {"model": "lf_web.sponsors", "pk": 6, "fields": {"queue": 7, "title": "Kül Kitabevi", "image": "static/assets/uploads/sponsors/Kül_kabevi.png", "desc": "İzmir'in tarih kokan sokaklarında, edebiyatın büyüleyici dünyasına adım atabileceğiniz özel bir mekan var: İzmir'deki Kül Kitabevi. Bu kitabevi, sadece kitap satan bir yer olmanın ötesinde, bir kültür ve sanat merkezi olarak hizmet veriyor. Kül Kitabevi, sadece kitapları satmakla kalmıyor, aynı zamanda çeşitli etkinliklere ev sahipliği yapıyor.", "year": "2023-11-27"}}, {"model": "lf_web.sponsors", "pk": 7, "fields": {"queue": 11, "title": "Özseçkin Grup", "image": "static/assets/uploads/sponsors/özseçkin_grup.jpeg", "desc": "İzmir merkezli lider bir firma olarak, turizm ve taşımacılık sektörlerinde faaliyet göstermektedir. Özellikle \"personel taşımacılığı\" konusunda uzmanlaşmıştır. Geniş araç filosu, teknolojik yatırımlar ve eğitimli personeli ile müşterilere güvenli, konforlu ve etkili taşıma hizmetleri sunmayı amaçlamaktadır. Her geçen gün büyüyerek güçlenen bir hizmet ağına sahiptir.", "year": "2023-11-27"}}, {"model": "lf_web.sponsors", "pk": 8, "fields": {"queue": 5, "title": "İzmir Personel Giyim", "image": "static/assets/uploads/sponsors/izmir_personel_giyim.jpeg", "desc": "Dinamik kadro ve saha tecrübesiyle kurulan firma, iş elbiseleri, iş güvenliği malzemeleri ve promosyon ürünleri konusunda kaliteli çözümler sunar. İş giyim ve güvenlik ekipmanları alanında insana saygılı, gelişime önem veren bir uzmanlaşma hedefler. Farklı teknik kumaşlar kullanarak, yüksek kaliteli, nefes alabilir ve çeşitli koruma özelliklerine sahip iş giyim ürünleri sunar.", "year": "2023-11-27"}}, {"model": "lf_web.sponsors", "pk": 9, "fields": {"queue": 1, "title": "ENSİA Genç", "image": "static/assets/uploads/sponsors/ENSİA_genç.png", "desc": "ENSİA Genç, Türkiye'deki Makine, Elektrik-Elektronik, Enerji Sistemleri, Endüstri Mühendisliği ve Endüstriyel-Grafik Tasarım bölümlerinde öğrenim gören öğrencilere yönelik bir platformdur. Yenilenebilir ve Temiz Enerji sektöründe kariyer yapmayı hedefleyen mühendis adaylarına sektörü tanıma ve iş hayatına adım atmalarında destek sağlar.", "year": "2023-11-28"}}, {"model": "lf_web.sponsors", "pk": 10, "fields": {"queue": 9, "title": "Reference Foods", "image": "static/assets/uploads/sponsors/reference_gıda.jpeg", "desc": "Referans Gıda, 2007'den beri yüksek kaliteli gıda katkı maddelerini tedarik eden öncü bir firmadır. Deneyimli kadrosu, sektördeki 25 yılı aşkın bilgi birikimiyle müşterilere en kaliteli ürünleri sunar.", "year": "2023-11-28"}}, {"model": "lf_web.sponsors", "pk": 11, "fields": {"queue": 8, "title": "Egevent", "image": "static/assets/uploads/sponsors/egevent.jpeg", "desc": "2011'de iklimlendirme sektöründe üretim yapmaya başlayan egevent, difüzörler, damperler, menfezler, ısı geri kazanım üniteleri ve dış hava panjurları gibi ürünler üretmektedir. Kaliteye verdiği önem ve hızlı büyümeyle sektörde adını duyuran Egevent, referanslarıyla kendini ispatlamış bir firma olarak öne çıkmaktadır.", "year": "2023-01-01"}}, {"model": "lf_web.sponsors", "pk": 12, "fields": {"queue": 0, "title": "Kaplanlar", "image": "static/assets/uploads/sponsors/kaplanlar_foto.jpeg", "desc": "Kaplanlar, estetik ve verimli soğutma ekipmanları sunarak Türkiye'de öne çıkan bir üreticidir. 1978'de kurulan firma, 2018'de Avrupa'da büyük süpermarket zincirlerine yaptığı satışlarla küresel bir tedarikçi konumuna ulaşmıştır. Şirket, ürünlerini Amerika, Avustralya, Asya ve Afrika pazarlarına yönlendirerek küresel etkileşimini genişletmektedir.", "year": "2023-01-01"}}, {"model": "lf_web.news", "pk": 1, "fields": {"header": "Deprem Sonrası Destek", "desc": "Geçtiğimiz günlerde meydana gelen depremin ardından, olayın etkilediği bölgelerdeki yardım faaliyetlerine katılmak amacıyla İzmir Mimarlar Odası bünyesinde AFAD (Afet ve Acil Durum Yönetimi Başkanlığı) için veri girişi çalışmalarına katıldık. Bu süreçte, afetzedelerin ihtiyaçlarını karşılamak ve onlara destek olmak amacıyla Tepekule Kongre Merkezi'nde aktif rol aldık.\r\n\r\nTepekule Kongre Merkezi'nde, depremzedeler için gerekli eşyaların paketlenmesi, taşınması ve dağıtılması gibi önemli görevlerde ekiplere destek verdik. Bu kapsamda, acil yardım malzemelerinin düzenli bir şekilde paketlenmesi ve depremzedelere ulaştırılması için gönüllü desteği sağladık. Ayrıca, ihtiyaç duyulan eşyaların toplanması ve bu sürecin düzenli bir şekilde yönetilmesi için çeşitli iletişim kanallarına duyurularda bulunduk.\r\n\r\nDayanışma ve yardımlaşma duygusuyla bir araya gelerek, depremzedelerin ihtiyaçlarına cevap vermek ve onlara destek olmak, toplumsal bir sorumluluk bilinciyle hareket etmemizin bir yansımasıdır. Gelecekte de benzer durumlarda toplumun birlik ve beraberlik içinde olması adına çaba harcamaya devam edeceğiz.", "head_image": "static/assets/upload/news/deprem_sonrasi.jpeg", "timestamp": "2023-02-07T20:24:00Z", "is_active": true, "images": []}}, {"model": "lf_web.news", "pk": 2, "fields": {"header": "Menstrüasyon Sunumları Gerçekleştirdik", "desc": "Son zamanlarda, toplumsal tabuları yıkmak ve gençler arasında bilinçli bir anlayış oluşturmak amacıyla bir adım attık. Toplamda 220 9. sınıf öğrencisine, kız ve erkek öğrencilerin bir arada bulunduğu bir ortamda, menstrüasyon hakkında bilgilendirici sunumlar gerçekleştirdik. Bu etkinlik, cinsiyet ayrımcılığına karşı mücadelede ve toplumda menstrüasyon konusunda oluşan yanlış bilgileri düzeltmede önemli bir rol oynamaktadır.\r\n\r\nSunumlarımızın temel amacı, öğrencilere biyolojik bir süreç olan menstrüasyonu anlamaları ve bu konuda toplumda var olan tabuları yıkmaları için gerekli bilgi ve farkındalığı kazandırmaktı. Hem kız hem de erkek öğrencilerin bu konuda eşit bilgi sahibi olmalarını sağlamak, toplumda cinsiyet eşitsizliği ve stigmatizasyonla mücadelede bir adım atmaktı.\r\n\r\nSunumlarımızda, menstrüasyonun biyolojik sürecini ayrıntılı bir şekilde ele aldık ve bu sürecin normal bir fizyolojik olay olduğunu vurguladık. Aynı zamanda, menstrüasyonun tabularla örtülmemesi gerektiğini ve bu konuda açık iletişim kurmanın, toplumsal bilinç ve anlayışı artırmanın önemini vurguladık.\r\n\r\nBu etkinlik sadece bilgi aktarımı değil, aynı zamanda öğrenciler arasında iletişimi güçlendirmek ve empati oluşturmak amacıyla tasarlanmıştır. Öğrencilere, menstrüasyonun sadece bir cinsiyetle sınırlı olmadığını ve toplumsal bir konu olduğunu anlatarak, birbirlerine destek olmalarını teşvik ettik.\r\n\r\nBu tür etkinlikler, genç nesiller arasında cinsiyet eşitliği, bilinçli toplum ve toplumsal cinsiyetle ilgili tabuların yıkılması için önemli adımlar atılmasına olanak tanır. Bu tür bilgilendirici sunumlar, öğrencilere sadece biyolojik süreçleri değil, aynı zamanda toplumsal normları ve beklentileri sorgulama ve değiştirme yeteneği kazandırarak onları ilham kaynağı yapar.", "head_image": "static/assets/upload/news/menstruasyon.jpeg", "timestamp": "2022-11-11T20:37:36Z", "is_active": true, "images": []}}, {"model": "lf_web.news", "pk": 3, "fields": {"header": "Fuarlarda FIRST Sunumu ve Küçük Yaş Gruplarına Eğitim", "desc": "Son dönemde, İzmir Enternasyonel Fuarı (IEF) başta olmak üzere çeşitli önemli fuar ve etkinliklerde, özellikle FIRST (For Inspiration and Recognition of Science and Technology) ve mühendislik alanındaki bilgi ve deneyimleri geniş kitlelere ulaştırmak amacıyla aktif bir rol oynadık. Bu etkinlikler kapsamında gerçekleştirdiğimiz sunumlar ve eğitimler ile özellikle gençler arasında bilinç oluşturmayı ve mühendislik alanına ilgiyi artırmayı hedefledik.\r\n\r\nIEF gibi prestijli etkinliklerde, İzmir'in dinamik genç nüfusuna ve ziyaretçilere, FIRST ve mühendislik alanındaki projelerimizi tanıttık. Bu sunumlar, geleceğin liderleri olan gençlerin bilim, teknoloji ve mühendislik konularındaki potansiyellerini keşfetmelerine ve geliştirmelerine yardımcı olmayı amaçladı. Aynı zamanda, bu etkinliklerde mühendislik projelerimizi interaktif bir şekilde sergileyerek, ziyaretçilere projelerimizin nasıl çalıştığını gösterdik.\r\n\r\nFuarlarda özellikle küçük yaş gruplarına yönelik olarak WeDo 2.0 eğitimleri düzenledik. Bu eğitimler, çocuklara STEM (Science, Technology, Engineering, and Mathematics) alanlarında erken yaşta deneyim kazanma fırsatı sunarak, yaratıcılıklarını ve problem çözme yeteneklerini geliştirmelerine katkı sağladı. Aynı zamanda, bu eğitimler aracılığıyla çocuklara teknoloji ve mühendislik konularında ilgi uyandırmayı ve onları bu alanlara teşvik etmeyi amaçladık.\r\n\r\nIEF, WeCycle, ExpoTech gibi fuarlar, toplumun geniş kesimlerine ulaşma ve STEM alanlarına ilgiyi artırma açısından önemli birer platform oluşturdu. Bu etkinlikler aracılığıyla, bilimin ve mühendisliğin günlük hayatımızdaki rolünü vurgulayarak, gençleri geleceğin teknolojik liderleri olmaya teşvik etmeye devam ediyoruz.", "head_image": "static/assets/upload/news/fuar.jpeg", "timestamp": "2022-09-12T20:40:10Z", "is_active": true, "images": []}}, {"model": "lf_web.news", "pk": 4, "fields": {"header": "Depremzedelere Powerbank Projesi", "desc": "Ülkemizde yaşanan son depremin ardından, hemen harekete geçerek sosyal sorumluluk anlayışımız doğrultusunda bir girişimde bulunduk. Depremzedelerin ihtiyaçlarını hafifletmek ve iletişimlerini sürdürebilmelerini sağlamak amacıyla, kendi üretimimiz olan powerbankleri geliştirdik. Bu acil durumda ihtiyaç duyulan enerji kaynaklarının eksikliğini giderebilmek ve iletişim altyapısının sürdürülebilirliğini sağlamak amacıyla bu projeyi başlattık.\r\n\r\nBu çerçevede, Hatay'da depremin etkilediği bölgelere hızlı bir şekilde yardım ulaştırmak için 200 adet powerbanki ürettik. Bu cihazlar, depremzedelerin mobil cihazlarını şarj etmelerine yardımcı olarak, iletişim kurmalarını ve acil durumlarla ilgili bilgileri alabilmelerini sağladı. Aynı zamanda, bu powerbanklerin tasarımında dayanıklılık ve taşınabilirlik gibi önemli faktörlere odaklandık, böylece kullanım kolaylığı sağlandı.\r\n\r\nBu özel durum karşısında, yardıma ihtiyaç duyan diğer topluluklara da destek olabilmek amacıyla powerbank tasarım dosyalarını herkese açık bir şekilde paylaştık. Bu sayede, bu teknolojiye sahip olan diğer ekipler veya girişimciler, kendi bölgelerinde benzer acil durumlar için powerbank üretebilecekleri tasarım kaynaklarına erişim sağlayabildiler. Bu yaklaşım, toplumda dayanışma ve yardımlaşma kültürünü desteklemeyi amaçladık.\r\n\r\nBu girişim, sadece maddi yardım değil, aynı zamanda teknoloji ve tasarım açısından da bir katkı sağlama hedefini taşıdı. Amacımız, ülkenin her köşesinde, benzer afet durumlarına karşı hazır olabilecek ve dayanışma içinde hareket edebilecek bir toplumsal bilinç oluşturmaktı. Bu tip acil durumlarda hızlı ve etkili müdahaleler, toplumun bir arada daha güçlü ve dayanıklı olmasını sağlar.", "head_image": "static/assets/upload/news/powerbank.jpeg", "timestamp": "2023-02-16T20:42:18Z", "is_active": true, "images": []}}, {"model": "lf_web.news", "pk": 5, "fields": {"header": "LF AKADEMİ ve HUGO BOSS Ortaklığıyla Yapılan Robotik Eğitimi", "desc": "16-17 Kasım 2023 tarihlerinde Hugo Boss bünyesinde gerçekleştirdiğimiz robotik kampında 85 lise öğrencisine yazılım, kodlama, Spike ve EV3 eğitimleri vererek kendi kodladıkları robotları sahaya sürmelerini sağladık. Takım üyelerimiz tarafından verilen bu eğitimler, birçok gencin STEM ve FIRST ile tanışmasına öncü oldu. Heyecanı doruklara taşıyan robot maçlarıyla katılımcılara turnuva deneyimi yaşatarak eğitimleri daha da gerçek kıldık. Bunların yanı sıra süreç boyu ekip çalışması, problem çözme yetisi ve pratik çalışma gibi değerlerin gelişmesini sağladık. Yaptığımız sunumlarda katılımcılar; Fikret Yüksel’i, FIRST derneğini, FRC ve Laissez Faire’i tanıdı. Bu doğrultuda açılan kayıt masasında takımımızın birer üyesi olmaları için başvurular sağlandı. Aldıkları sertifika ve madalyalarla eğitimi tamamlayan, bu yoğun iki gün boyunca donanım kazanan katılımcılar, heves ve ilgi kazanarak FIRST’in birer parçası olmak üzere Laissez Faire desteğiyle ilk adımlarını attılar.", "head_image": "static/assets/upload/news/20231121_205059_0000.png", "timestamp": "2023-11-21T16:09:50Z", "is_active": true, "images": []}}, {"model": "lf_web.news", "pk": 6, "fields": {"header": "#GIRLSINSTEM", "desc": "Heyecan verici bir dönemin içerisinde bulunuyoruz ve yeni sezon için kapsamlı çalışmalarımız hızla devam ediyor. Ekip olarak, sadece robotik konseptlerle değil, aynı zamanda gelecek projelerimizin temelini oluşturacak olan robot şasesi tasarımıyla da ilgileniyoruz.\r\n\r\nBu süreçte, ekibimize katılan yeni üyelerimize yoğun bir robotik eğitim programı sunarak, onları projelerimize daha etkin bir şekilde entegre etmeye çalışıyoruz. Amacımız, ekip içindeki çeşitli yetenekleri bir araya getirerek inovasyonu desteklemek ve robot tasarımındaki en son gelişmeleri takip ederek projelerimizi geleceğe taşımak.\r\n\r\nAynı zamanda, gelecek sezonun robot şasesini oluşturmak için titizlikle çalışıyoruz. Dayanıklılık, hız ve fonksiyonellik gibi faktörleri göz önünde bulundurarak, en iyi performansı sağlayacak bir şase tasarımını hayata geçirme hedefindeyiz. Bu, sadece teknik becerilerimizi geliştirmekle kalmayacak, aynı zamanda rekabetçi bir avantaj elde etmemizi sağlayacak.\r\n\r\nEkip içindeki işbirliğimizi güçlendirmek ve yaratıcılığımızı ortaya çıkarmak adına sürekli bir çaba içindeyiz. Bu sayede, gelecek sezon için sadece bir proje değil, aynı zamanda bir başarı hikayesi inşa etmeye kararlıyız. Yolculuğumuzda bizi destekleyen herkesle birlikte, başarılarımızı daha da büyüteceğimize inanıyoruz.", "head_image": "static/assets/upload/news/376281525_325699043182541_321590217442932084_n.jpg", "timestamp": "2023-09-09T17:21:28Z", "is_active": true, "images": [3, 4]}}, {"model": "lf_web.news", "pk": 7, "fields": {"header": "19. Ulusal FLL Turnuvasında takımımızla gönüllü olmaktan onur duyduk", "desc": "Bu yıl düzenlenen 19. Ulusal FLL Turnuvası'nda takımımız, sadece FIRST sürecine olan bağlılığından dolayı gönüllü olarak yer almanın gururunu yaşadı. FIRST (For Inspiration and Recognition of Science and Technology), gençleri bilim, teknoloji, mühendislik ve matematik (STEM) alanlarında teşvik eden bir organizasyondur.\r\n\r\nTakımımız, bu turnuvada FIRST sürecine verdiği önemi vurgulayarak, sadece kendi projelerini değil, aynı zamanda diğer takımlara rehberlik etme ve destek olma fırsatını değerlendirdi. FIRST süreci, takım üyelerine problem çözme, takım çalışması ve yaratıcılık gibi beceriler kazandırmayı hedefleyen bir yaklaşımı benimsemektedir. Takımımız, bu süreçle birlikte gençlerin STEM alanındaki potansiyellerini keşfetmelerine ve geliştirmelerine katkı sağlamayı amaçladı.\r\n\r\nGönüllü katılım, takım üyelerine sadece teknik bilgilerini paylaşma imkanı sunmakla kalmadı, aynı zamanda FIRST sürecinin öğrencilerin kendi yeteneklerini keşfetmelerine, liderlik becerilerini geliştirmelerine ve teknolojiyle daha yakından tanışmalarına nasıl yardımcı olduğunu deneyimleme şansı verdi. Takımımız, FIRST sürecini önemsediği için gönüllü olarak yer aldığında, bu değerli deneyimi paylaşmak ve diğer gençlere ilham vermek adına bir fırsat elde etti.\r\n\r\nGönüllü olarak FIRST sürecine odaklanmak, takım üyelerimize sadece yarışmada değil, aynı zamanda STEM alanında kariyer yapma yolundaki tutkularını güçlendirmeleri için bir platform sağlama şansı verdi. Bu deneyim, takımımızın gelecekteki FIRST etkinliklerine daha da aktif bir şekilde katkıda bulunma arzusunu artırdı.", "head_image": "static/assets/upload/news/fll_1.jpg", "timestamp": "2023-06-13T19:04:23Z", "is_active": true, "images": [9, 10, 11, 12, 13]}}, {"model": "lf_web.news", "pk": 8, "fields": {"header": "FLL Explorer turnuvasına gönüllü olarak katıldık.", "desc": "10 Haziran tarihinde takımımızdan birçok öğrencinin eğitim gördüğü TAKEV okullarında mentörlerimizin de büyük katkılarıyla düzenlenen FLL Explorer turnuvasına gönüllü olarak katıldık. Küçük FIRST öğrencileriyle zaman geçirme, turnuvada yardımcı olma ve onlara ileri FIRST turnuvaları hakkında bilgi verme şansı edindik", "head_image": "static/assets/upload/news/jr_fll_1_4xqdYhu.jpg", "timestamp": "2023-06-11T19:09:04Z", "is_active": true, "images": [14, 15, 16, 17, 18, 19, 20, 21, 22]}}, {"model": "lf_web.news", "pk": 10, "fields": {"header": "Takımımız Werover Ekibine Mekanik Sunumunu Gerçekleştirdi", "desc": "Takım olarak 7’den 70’e herkese FIRST'ü anlatma misyonumuzu sürdürdük. Özellikle bugün, @werover ekibine FRC Mekanik Manuelini detaylı bir şekilde sunduk. Bu sunum sırasında konuyu açıklarken büyük bir keyif aldık ve değerli fikir alışverişleri gerçekleştirdik. Mekanik tasarım konusunda detaylı bilgiler aktarırken, FRC'nin işleyişi ve süreçleri hakkında soruları içtenlikle yanıtladık. @werover ekibine sağladıkları teknik destekten dolayı içten teşekkürlerimizi iletiyoruz. Bu etkileşimli ve bilgi dolu buluşma, hem takımlar arasında işbirliğini güçlendirdi hem de FRC alanındaki bilgi paylaşımını artırdı.", "head_image": "static/assets/upload/news/336079646_1273923849868449_2442839984389075300_n.jpg", "timestamp": "2023-03-18T09:00:00Z", "is_active": false, "images": [23, 24, 25]}}, {"model": "lf_web.news", "pk": 11, "fields": {"header": "ROBOTAKEV Eğitimi", "desc": "Bu yıl ilk kez düzenlenen FTC Off-Season Türkiye Turnuvası’na katılacak olan 25171 Robotakev,  eğitimlerimiz ile hız kazandı. Üyelerimiz, takımın süreç boyunca daha donanımlı, daha emin ve daha bilgili olması için yoğun çaba sarf ediyor. Robotik ve kodlama alanlarındaki gelişmeye odaklanarak, eğitimlerimiz sayesinde hem kendi bilgi birikimlerini artırıyorlar hem de takıma katkıda bulunuyorlar. Bu süreçte, özellikle \"bilimi yayma\" ilkesine sıkı sıkıya bağlı kalarak, edindikleri bilgileri etrafındaki diğer bireylerle paylaşma misyonunu ön planda tutuyorlar. #ftc #frc #fikretyukselfoundation #laissezfaire #robotakev etiketleriyle bu gelişmeleri ve takımın başarılarını paylaşmaktan mutluluk duyuyoruz!", "head_image": "static/assets/upload/news/405504787_1551561395598351_8129376021574440284_n_eOLoN16.jpg", "timestamp": "2023-12-02T09:00:00Z", "is_active": true, "images": [26, 27, 28, 29, 30]}}, {"model": "lf_web.news", "pk": 12, "fields": {"header": "Almanya'dan gelen öğrencilere FIRST ve FRC sunumu", "desc": "Takımımızdan birçok öğrencinin eğitimini sürdürdüğü TAKEV Fen ve Anadolu Lisesinde okula Almanya'dan öğrenci değişim programı ile gelen öğrencilere FIRST ve FRC'yi tanıttık. Almanya'da şu an bir FRC takımı bulunmazken bu sunumlarla beraber FIRST'ü yayma fırsatı edindik ve FRC takımı kurmaları için öncü olduk.", "head_image": "static/assets/upload/news/347284324_172559212132710_3761597536583169918_n.webp", "timestamp": "2023-05-18T17:16:11Z", "is_active": true, "images": [6]}}, {"model": "lf_web.news", "pk": 13, "fields": {"header": "Yeni Sezon Robot Hazırlıkları", "desc": "Yeni sezon için heyecanla hazırlıklara başladık! Özellikle yeni katılan üyelere detaylı bir şekilde anlatım yaparak FRC mekaniği ve elektroniği konularında kapsamlı bilgiler verdik. Sökme işlemi sırasında robotun her bir bileşeni, mekanik ve elektronik unsurlarıyla birlikte incelenerek, takımın bütün üyelerine kapsamlı bir öğrenme deneyimi sağladık. Bu süreç, takım içinde ekip ruhunu güçlendirdiği gibi, yeni üyelerin robot tasarımı ve yapım süreçlerine daha iyi adapte olmalarına da katkı sağladı.", "head_image": "static/assets/upload/news/366450037_598018959200781_4281312208822391978_n.jpg", "timestamp": "2023-08-09T09:00:00Z", "is_active": true, "images": [31, 32, 33]}}, {"model": "lf_web.news", "pk": 14, "fields": {"header": "İlk Toplantı", "desc": "Takımımızla tanışın!! Laissez Faire ekibi olarak ilk toplantımızı 3 Temmuz 2019 Çarşamba günü gerçekleştirdik.", "head_image": "static/assets/upload/news/65656991_102684444324665_7900200323655944410_n_GT80Q4l.jpg", "timestamp": "2019-07-03T09:00:00Z", "is_active": false, "images": [34]}}, {"model": "lf_web.news", "pk": 15, "fields": {"header": "Dünya Kız Çocukları Günü", "desc": "Dünya Kız Çocukları Günü kutlu olsun! Fırsat eşitliği için kararlılıkla mücadele ediyoruz. Kız çocuklarının her alanda yükselmesi ve başarması için daha fazla vurgu yapıyoruz. Geleceğin liderleri, bilim insanları ve değişim yaratıcıları olarak onların potansiyelini desteklemeye devam ediyoruz. Güçlü, cesur ve başarılı kız çocuklarına!", "head_image": "static/assets/upload/news/121078889_795696134528900_8440401840016597840_n.jpg", "timestamp": "2020-10-11T09:00:00Z", "is_active": true, "images": [35, 36]}}, {"model": "lf_web.news", "pk": 17, "fields": {"header": "Robokod Kozmos Takımına Destek Ziyareti", "desc": "Öğrenmekten daha değerli olan şey öğrendiğimizi öğretmektir.\r\n\r\nDaha öncesinde destek vermek için ziyaret ettiğimiz Robokod Kozmos FLL takımı ulusal turnuvaya çıkmaya hak kazandı ve tekrardan bir ziyaret gerçekleştirdik. Proje maketlerinde yaşadıkları elektronik sorununa ve robotlarına yardım ettik. Yardım ederken yeni nesil FIRST öğrencilerine deneyimlerimizi aktarma fırsatı bulduk.", "head_image": "static/assets/upload/news/350238863_814524779675388_6850173458148034568_n.jpeg", "timestamp": "2023-05-31T09:00:00Z", "is_active": true, "images": [44, 45]}}, {"model": "lf_web.image", "pk": 3, "fields": {"image": "static/assets/upload/news/375848064_280232478287668_7999142625433987955_n.jpg"}}, {"model": "lf_web.image", "pk": 4, "fields": {"image": "static/assets/upload/news/375679291_238359712531204_5074766935230393690_n.jpg"}}, {"model": "lf_web.image", "pk": 5, "fields": {"image": "static/assets/upload/news/347067531_204767528574816_2600540028682610219_n.webp"}}, {"model": "lf_web.image", "pk": 6, "fields": {"image": "static/assets/upload/news/347077485_205401108963866_9177287492210020777_n.webp"}}, {"model": "lf_web.image", "pk": 7, "fields": {"image": "static/assets/upload/news/347450029_571740455085557_8354514307689921385_n.webp"}}, {"model": "lf_web.image", "pk": 8, "fields": {"image": "static/assets/upload/news/347489159_577779707670051_7143799443229988151_n.webp"}}, {"model": "lf_web.image", "pk": 9, "fields": {"image": "static/assets/upload/news/fll_2.jpg"}}, {"model": "lf_web.image", "pk": 10, "fields": {"image": "static/assets/upload/news/fll_3.jpg"}}, {"model": "lf_web.image", "pk": 11, "fields": {"image": "static/assets/upload/news/fll_4.jpg"}}, {"model": "lf_web.image", "pk": 12, "fields": {"image": "static/assets/upload/news/fll_5.jpg"}}, {"model": "lf_web.image", "pk": 13, "fields": {"image": "static/assets/upload/news/fll_6.jpg"}}, {"model": "lf_web.image", "pk": 14, "fields": {"image": "static/assets/upload/news/jr_fll_1.jpg"}}, {"model": "lf_web.image", "pk": 15, "fields": {"image": "static/assets/upload/news/jr_fll_2.jpg"}}, {"model": "lf_web.image", "pk": 16, "fields": {"image": "static/assets/upload/news/jr_fll_3.jpg"}}, {"model": "lf_web.image", "pk": 17, "fields": {"image": "static/assets/upload/news/jr_fll4.jpg"}}, {"model": "lf_web.image", "pk": 18, "fields": {"image": "static/assets/upload/news/jr_fll_5.jpg"}}, {"model": "lf_web.image", "pk": 19, "fields": {"image": "static/assets/upload/news/jr_fll_6.jpg"}}, {"model": "lf_web.image", "pk": 20, "fields": {"image": "static/assets/upload/news/jr_fll_7.jpg"}}, {"model": "lf_web.image", "pk": 21, "fields": {"image": "static/assets/upload/news/jr_fll_8.jpg"}}, {"model": "lf_web.image", "pk": 22, "fields": {"image": "static/assets/upload/news/jr_fll_9.jpg"}}, {"model": "lf_web.image", "pk": 23, "fields": {"image": "static/assets/upload/news/336176832_3392020764373998_35675908009711675_n.jpg"}}, {"model": "lf_web.image", "pk": 24, "fields": {"image": "static/assets/upload/news/336326336_935456487484990_5352007984154483101_n.jpg"}}, {"model": "lf_web.image", "pk": 25, "fields": {"image": "static/assets/upload/news/336496766_662674102534702_3058824226842065524_n.jpg"}}, {"model": "lf_web.image", "pk": 26, "fields": {"image": "static/assets/upload/news/395747787_886445296350052_7257416803938940852_n.jpg"}}, {"model": "lf_web.image", "pk": 27, "fields": {"image": "static/assets/upload/news/404644199_724044269219385_3623679268826760124_n.jpg"}}, {"model": "lf_web.image", "pk": 28, "fields": {"image": "static/assets/upload/news/407236673_898063678500852_1646069720954069591_n.jpg"}}, {"model": "lf_web.image", "pk": 29, "fields": {"image": "static/assets/upload/news/407397151_243676475211874_4489079513909773824_n.jpg"}}, {"model": "lf_web.image", "pk": 30, "fields": {"image": "static/assets/upload/news/407899275_1928524667602083_2155255188501319058_n.jpg"}}, {"model": "lf_web.image", "pk": 31, "fields": {"image": "static/assets/upload/news/365973165_287217123909387_4483945618576358974_n.jpg"}}, {"model": "lf_web.image", "pk": 32, "fields": {"image": "static/assets/upload/news/366518493_1668680203638483_8139696970243971881_n.jpg"}}, {"model": "lf_web.image", "pk": 33, "fields": {"image": "static/assets/upload/news/366535299_252498587703653_6399016095337620361_n.jpg"}}, {"model": "lf_web.image", "pk": 34, "fields": {"image": "static/assets/upload/news/65656991_102684444324665_7900200323655944410_n.jpg"}}, {"model": "lf_web.image", "pk": 35, "fields": {"image": "static/assets/upload/news/121060007_716925555573627_725396741106845293_n.jpg"}}, {"model": "lf_web.image", "pk": 36, "fields": {"image": "static/assets/upload/news/121282617_343522080309362_3103447137707108742_n.jpg"}}, {"model": "lf_web.image", "pk": 37, "fields": {"image": "static/assets/upload/news/353039083_1394988431352365_8034071515837595639_n.jpeg"}}, {"model": "lf_web.image", "pk": 38, "fields": {"image": "static/assets/upload/news/353061292_627820929377293_5832043763049023511_n.jpeg"}}, {"model": "lf_web.image", "pk": 39, "fields": {"image": "static/assets/upload/news/353072708_775719253963430_796775053660533787_n.jpeg"}}, {"model": "lf_web.image", "pk": 40, "fields": {"image": "static/assets/upload/news/353468675_253044427413052_7379583039981191923_n.jpeg"}}, {"model": "lf_web.image", "pk": 41, "fields": {"image": "static/assets/upload/news/353575087_944926320071567_7419698086200637264_n.jpeg"}}, {"model": "lf_web.image", "pk": 42, "fields": {"image": "static/assets/upload/news/353591047_1072282933759422_7369067441448994705_n.jpeg"}}, {"model": "lf_web.image", "pk": 43, "fields": {"image": "static/assets/upload/news/353613420_1187550471928701_7650463602277587984_n.jpeg"}}, {"model": "lf_web.image", "pk": 44, "fields": {"image": "static/assets/upload/news/350243176_1273674040185493_5735735488250236144_n.jpeg"}}, {"model": "lf_web.image", "pk": 45, "fields": {"image": "static/assets/upload/news/350432370_6201480119969019_7326275106875412664_n.jpeg"}}, {"model": "lf_web.application", "pk": 1, "fields": {"name": "Hüseyin", "surname": "ÖZKAN", "age": 33, "school_name": "Tevfik Fikret Okulları", "school_level": "11", "email": "okanhuseyin@yandex.com.tr", "phone_number": "5313728850", "application_date": "2023-12-28T18:47:00.301Z"}}, {"model": "Academy.level", "pk": 1, "fields": {"name": "FRC", "order": 4}}, {"model": "Academy.level", "pk": 2, "fields": {"name": "FLL", "order": 2}}, {"model": "Academy.course", "pk": 1, "fields": {"name": "Mekanik", "level": 1, "menu_icon": "fa-graduation-cap"}}, {"model": "Academy.course", "pk": 2, "fields": {"name": "Temel Tasarım", "level": 1, "menu_icon": "fa-pen"}}, {"model": "Academy.course", "pk": 3, "fields": {"name": "FRC 101", "level": 1, "menu_icon": "fa-graduation-cap"}}, {"model": "Academy.topic", "pk": 1, "fields": {"course": 1, "name": "Solidworks", "order": 10, "menu_icon": "fa-solid"}}, {"model": "Academy.topic", "pk": 2, "fields": {"course": 2, "name": "Tasarım", "order": 2, "menu_icon": "fa-pen"}}, {"model": "Academy.topic", "pk": 3, "fields": {"course": 3, "name": "FRC'ye Giriş", "order": 3, "menu_icon": "fa-graduation-cap"}}, {"model": "Academy.content", "pk": 1, "fields": {"topic": 1, "title": "Tasarımdan Üretime Ders - 1", "content_type": "video", "file": "static/assets/uploads/academy/contents/solidworks_tasarimdan_uretime_ders_1.mp4", "image": "static/assets/uploads/academy/contentImg/DsZdDVZU4AEOW1O.jpg"}}, {"model": "Academy.content", "pk": 2, "fields": {"topic": 1, "title": "Tasarımdan üretime ders -2", "content_type": "video", "file": "static/assets/uploads/academy/contents/solidworks_tasarimdan_uretime_ders_2_LlhICP8.mp4", "image": "static/assets/uploads/academy/contentImg/DsZdDVZU4AEOW1O_cY9n5qu.jpg"}}, {"model": "Academy.content", "pk": 3, "fields": {"topic": 2, "title": "Sanat Tasarım Elemanları", "content_type": "video", "file": "static/assets/uploads/academy/contents/tasarim_sanat_tasarim_elemanlari.mp4", "image": ""}}, {"model": "Academy.content", "pk": 4, "fields": {"topic": 3, "title": "FRC Nedir?", "content_type": "video", "file": "static/assets/uploads/academy/contents/frc_101_frc_nedir.mp4", "image": "static/assets/uploads/academy/contentImg/Unknown.jpg"}}, {"model": "Academy.content", "pk": 5, "fields": {"topic": 3, "title": "Frc Sistemler", "content_type": "video", "file": "static/assets/uploads/academy/contents/frc_101_frc_sistemler.mp4", "image": "static/assets/uploads/academy/contentImg/Unknown_0in9ris.jpg"}}, {"model": "Academy.content", "pk": 6, "fields": {"topic": 3, "title": "FRC Mekanik", "content_type": "video", "file": "static/assets/uploads/academy/contents/frc_101_frc_mekanik.mp4", "image": "static/assets/uploads/academy/contentImg/Unknown_bjdOndq.jpg"}}, {"model": "Academy.content", "pk": 7, "fields": {"topic": 3, "title": "FRC Elektronik", "content_type": "video", "file": "static/assets/uploads/academy/contents/frc_101_frc_elektronik.mp4", "image": "static/assets/uploads/academy/contentImg/sddefault.jpg"}}, {"model": "Academy.content", "pk": 8, "fields": {"topic": 3, "title": "FRC Yazılım", "content_type": "video", "file": "static/assets/uploads/academy/contents/frc_101_frc_yazilim.mp4", "image": "static/assets/uploads/academy/contentImg/maxresdefault.jpg"}}, {"model": "Academy.watchedcontent", "pk": 1, "fields": {"user": 1, "content": 1, "watched_duration": 490, "last_watched_timestamp": "2023-12-23T19:45:26.350Z", "watched_percentage": 46.435286268801555}}, {"model": "Academy.watchedcontent", "pk": 2, "fields": {"user": 1, "content": 3, "watched_duration": 0, "last_watched_timestamp": "2023-12-11T19:56:48.991Z", "watched_percentage": 0.05326748627357365}}, {"model": "Academy.watchedcontent", "pk": 3, "fields": {"user": 1, "content": 4, "watched_duration": 1475, "last_watched_timestamp": "2023-12-11T20:15:52.846Z", "watched_percentage": 87.34839736491344}}, {"model": "Academy.watchedcontent", "pk": 4, "fields": {"user": 1, "content": 6, "watched_duration": 170, "last_watched_timestamp": "2023-12-11T20:20:23.319Z", "watched_percentage": 21.982023409792824}}]